,G,Date,Tm,X,Opp,Result,GS,MP,FG,FGA,FG%,3P,3PA,3P%,FT,FTA,FT%,ORB,DRB,TRB,AST,STL,BLK,TOV,PF,PTS,GmSc,Player,RSorPO
1566,1,2003-10-29,CLE,@,SAC,L,1,42:00,12.0,20.0,0.6,0,2,0.0,1.0,3.0,0.33,2.0,4.0,6,9,4.0,0.0,2,3,25.0,24.7,Lebron James,Regular Season
1567,2,2003-10-30,CLE,@,PHO,L,1,41:00,8.0,17.0,0.47,1,5,0.2,4.0,7.0,0.57,2.0,10.0,12,8,1.0,0.0,7,1,21.0,14.7,Lebron James,Regular Season
1568,3,2003-11-01,CLE,@,POR,L,1,39:00,3.0,12.0,0.25,0,1,0.0,2.0,2.0,1.0,0.0,4.0,4,6,2.0,0.0,2,3,8.0,5.0,Lebron James,Regular Season
1570,5,2003-11-07,CLE,@,IND,L,1,44:00,8.0,18.0,0.44,1,2,0.5,6.0,7.0,0.86,0.0,5.0,5,3,0.0,0.0,7,2,23.0,9.0,Lebron James,Regular Season
1573,8,2003-11-12,CLE,@,MIA,L,1,42:00,6.0,15.0,0.4,2,5,0.4,4.0,6.0,0.67,1.0,2.0,3,7,2.0,1.0,4,3,18.0,12.8,Lebron James,Regular Season
1574,9,2003-11-14,CLE,@,BOS,L,1,35:00,3.0,12.0,0.25,2,4,0.5,2.0,4.0,0.5,1.0,4.0,5,3,0.0,0.0,4,3,10.0,0.8,Lebron James,Regular Season
1577,12,2003-11-19,CLE,@,WAS,L,1,40:00,10.0,18.0,0.56,2,4,0.5,6.0,8.0,0.75,2.0,5.0,7,8,2.0,1.0,4,2,28.0,25.0,Lebron James,Regular Season
1579,14,2003-11-22,CLE,@,ATL,L,1,42:00,3.0,16.0,0.19,0,1,0.0,9.0,10.0,0.9,2.0,4.0,6,4,2.0,1.0,3,1,15.0,9.3,Lebron James,Regular Season
1580,15,2003-11-26,CLE,@,NOH,L,1,39:00,5.0,17.0,0.29,1,4,0.25,4.0,4.0,1.0,2.0,6.0,8,9,0.0,0.0,4,1,15.0,10.2,Lebron James,Regular Season
1581,16,2003-11-28,CLE,@,DET,L,1,36:00,2.0,8.0,0.25,0,2,0.0,2.0,3.0,0.67,0.0,2.0,2,7,0.0,0.0,4,3,6.0,1.1,Lebron James,Regular Season
1583,18,2003-12-02,CLE,@,DEN,L,1,32:00,6.0,19.0,0.32,2,3,0.67,5.0,7.0,0.71,3.0,3.0,6,5,2.0,0.0,2,4,19.0,12.2,Lebron James,Regular Season
1589,24,2003-12-15,CLE,@,IND,L,1,44:00,10.0,16.0,0.62,0,3,0.0,7.0,8.0,0.88,1.0,3.0,4,6,3.0,3.0,6,1,27.0,23.9,Lebron James,Regular Season
1591,26,2003-12-19,CLE,@,PHI,W,1,42:00,14.0,24.0,0.58,5,7,0.71,3.0,3.0,1.0,1.0,3.0,4,5,4.0,0.0,4,1,36.0,29.5,Lebron James,Regular Season
1592,27,2003-12-20,CLE,@,CHI,W,1,42:00,11.0,22.0,0.5,0,5,0.0,10.0,12.0,0.83,1.0,5.0,6,10,2.0,2.0,4,2,32.0,28.0,Lebron James,Regular Season
1594,29,2003-12-25,CLE,@,ORL,L,1,47:00,13.0,28.0,0.46,4,10,0.4,4.0,5.0,0.8,1.0,1.0,2,6,2.0,1.0,8,0,34.0,19.1,Lebron James,Regular Season
1598,33,2004-01-02,CLE,@,NJN,L,1,37:00,6.0,19.0,0.32,0,4,0.0,2.0,4.0,0.5,1.0,3.0,4,9,1.0,0.0,3,2,14.0,7.4,Lebron James,Regular Season
1600,35,2004-01-07,CLE,@,TOR,L,1,38:00,10.0,23.0,0.43,0,3,0.0,1.0,2.0,0.5,0.0,2.0,2,5,0.0,0.0,2,3,21.0,9.4,Lebron James,Regular Season
1601,36,2004-01-09,CLE,@,BOS,L,1,43:00,7.0,19.0,0.37,0,3,0.0,5.0,7.0,0.71,0.0,3.0,3,6,3.0,0.0,5,1,19.0,10.4,Lebron James,Regular Season
1602,37,2004-01-12,CLE,@,LAL,L,1,37:00,6.0,20.0,0.3,0,3,0.0,4.0,5.0,0.8,1.0,4.0,5,7,1.0,1.0,6,3,16.0,5.3,Lebron James,Regular Season
1603,38,2004-01-13,CLE,@,SEA,W,1,44:00,11.0,26.0,0.42,0,1,0.0,5.0,6.0,0.83,4.0,5.0,9,9,2.0,0.0,4,2,27.0,20.6,Lebron James,Regular Season
1604,39,2004-01-15,CLE,@,GSW,L,1,43:00,8.0,21.0,0.38,2,5,0.4,11.0,13.0,0.85,2.0,4.0,6,6,3.0,0.0,2,0,29.0,24.5,Lebron James,Regular Season
1605,40,2004-01-17,CLE,@,UTA,W,1,45:00,12.0,28.0,0.43,2,4,0.5,3.0,5.0,0.6,1.0,6.0,7,2,2.0,1.0,4,2,29.0,15.2,Lebron James,Regular Season
1608,43,2004-01-30,CLE,@,MIL,L,1,37:00,7.0,25.0,0.28,1,6,0.17,5.0,8.0,0.62,2.0,6.0,8,3,1.0,0.0,5,5,20.0,3.4,Lebron James,Regular Season
1609,44,2004-02-01,CLE,@,WAS,W,1,43:00,14.0,27.0,0.52,1,2,0.5,9.0,11.0,0.82,3.0,3.0,6,4,0.0,2.0,6,4,38.0,23.5,Lebron James,Regular Season
1610,45,2004-02-03,CLE,@,DET,W,1,38:00,5.0,19.0,0.26,0,1,0.0,2.0,2.0,1.0,1.0,3.0,4,6,2.0,0.0,1,2,12.0,6.7,Lebron James,Regular Season
1612,47,2004-02-06,CLE,@,MIN,L,1,44:00,6.0,18.0,0.33,1,3,0.33,1.0,4.0,0.25,1.0,8.0,9,5,0.0,0.0,3,2,14.0,5.4,Lebron James,Regular Season
1620,55,2004-02-25,CLE,@,HOU,L,1,39:00,5.0,18.0,0.28,0,2,0.0,1.0,3.0,0.33,2.0,5.0,7,5,2.0,1.0,2,1,11.0,6.3,Lebron James,Regular Season
1621,56,2004-02-27,CLE,@,ORL,W,1,49:00,11.0,19.0,0.58,1,1,1.0,7.0,8.0,0.88,1.0,10.0,11,3,3.0,1.0,5,1,30.0,24.8,Lebron James,Regular Season
1622,57,2004-03-01,CLE,@,CHI,L,1,41:00,7.0,17.0,0.41,0,2,0.0,4.0,6.0,0.67,0.0,3.0,3,3,4.0,1.0,3,2,18.0,12.0,Lebron James,Regular Season
1624,59,2004-03-05,CLE,@,NOH,W,1,37:00,7.0,17.0,0.41,2,2,1.0,3.0,4.0,0.75,2.0,4.0,6,4,2.0,0.0,4,5,19.0,10.9,Lebron James,Regular Season
1626,61,2004-03-08,CLE,@,ATL,W,1,45:00,11.0,23.0,0.48,1,4,0.25,11.0,13.0,0.85,2.0,4.0,6,7,1.0,0.0,2,1,34.0,27.6,Lebron James,Regular Season
1633,68,2004-03-26,CLE,@,PHI,L,1,33:00,5.0,13.0,0.38,1,2,0.5,5.0,9.0,0.56,2.0,1.0,3,7,0.0,1.0,5,1,16.0,9.2,Lebron James,Regular Season
1636,71,2004-03-30,CLE,@,DAL,L,1,42:00,13.0,22.0,0.59,0,2,0.0,2.0,4.0,0.5,1.0,4.0,5,6,4.0,0.0,3,2,28.0,23.3,Lebron James,Regular Season
1641,76,2004-04-09,CLE,@,MIA,L,1,42:00,6.0,14.0,0.43,1,1,1.0,11.0,15.0,0.73,1.0,6.0,7,8,1.0,0.0,8,2,24.0,15.3,Lebron James,Regular Season
1644,79,2004-04-14,CLE,@,NYK,W,1,35:00,8.0,17.0,0.47,0,3,0.0,1.0,1.0,1.0,0.0,1.0,1,5,3.0,0.0,5,1,17.0,9.7,Lebron James,Regular Season
1646,2,2004-11-04,CLE,@,MIA,L,1,43:00,9.0,22.0,0.41,2,3,0.67,1.0,1.0,1.0,3.0,3.0,6,8,1.0,0.0,1,0,21.0,17.8,Lebron James,Regular Season
1647,3,2004-11-06,CLE,@,MIL,L,1,42:00,8.0,20.0,0.4,0,3,0.0,15.0,22.0,0.68,2.0,6.0,8,6,3.0,0.0,4,0,31.0,23.8,Lebron James,Regular Season
1648,4,2004-11-09,CLE,@,ATL,W,1,48:00,8.0,17.0,0.47,1,4,0.25,8.0,12.0,0.67,1.0,9.0,10,4,4.0,2.0,3,2,25.0,22.5,Lebron James,Regular Season
1652,8,2004-11-18,CLE,@,CHA,W,1,30:00,8.0,14.0,0.57,2,3,0.67,1.0,2.0,0.5,1.0,5.0,6,9,0.0,0.0,1,3,19.0,18.3,Lebron James,Regular Season
1654,10,2004-11-21,CLE,@,NYK,L,1,40:00,5.0,15.0,0.33,1,3,0.33,2.0,3.0,0.67,2.0,7.0,9,10,1.0,1.0,5,3,13.0,10.1,Lebron James,Regular Season
1656,12,2004-11-26,CLE,@,BOS,W,1,43:00,9.0,13.0,0.69,0,2,0.0,2.0,3.0,0.67,0.0,6.0,6,8,3.0,1.0,2,2,20.0,22.4,Lebron James,Regular Season
1658,14,2004-11-29,CLE,@,LAC,L,1,42:00,9.0,19.0,0.47,0,2,0.0,4.0,5.0,0.8,1.0,6.0,7,5,6.0,1.0,3,2,22.0,20.8,Lebron James,Regular Season
1659,15,2004-12-01,CLE,@,PHO,L,1,40:00,6.0,19.0,0.32,0,2,0.0,3.0,4.0,0.75,1.0,2.0,3,6,2.0,1.0,6,2,15.0,5.1,Lebron James,Regular Season
1663,19,2004-12-08,CLE,@,CHI,L,1,38:00,5.0,15.0,0.33,0,2,0.0,9.0,12.0,0.75,0.0,2.0,2,6,1.0,1.0,4,2,19.0,11.0,Lebron James,Regular Season
1664,20,2004-12-11,CLE,@,SAS,L,1,42:00,10.0,19.0,0.53,1,3,0.33,2.0,2.0,1.0,3.0,3.0,6,10,4.0,0.0,3,2,23.0,23.9,Lebron James,Regular Season
1665,21,2004-12-13,CLE,@,MEM,W,1,46:00,14.0,22.0,0.64,1,3,0.33,2.0,4.0,0.5,0.0,5.0,5,8,7.0,0.0,3,2,31.0,30.7,Lebron James,Regular Season
1667,23,2004-12-16,CLE,@,DET,L,1,45:00,4.0,21.0,0.19,0,2,0.0,3.0,5.0,0.6,1.0,8.0,9,7,4.0,1.0,3,2,11.0,6.0,Lebron James,Regular Season
1670,26,2004-12-22,CLE,@,NJN,L,1,42:00,7.0,18.0,0.39,1,1,1.0,8.0,10.0,0.8,1.0,8.0,9,9,1.0,0.0,4,2,23.0,18.0,Lebron James,Regular Season
1672,28,2004-12-28,CLE,@,ATL,W,1,46:00,13.0,25.0,0.52,3,5,0.6,11.0,14.0,0.79,1.0,8.0,9,7,1.0,0.0,1,2,40.0,33.7,Lebron James,Regular Season
1674,30,2005-01-03,CLE,@,CHA,W,1,41:00,11.0,19.0,0.58,0,3,0.0,4.0,6.0,0.67,2.0,6.0,8,6,2.0,0.0,1,3,26.0,23.5,Lebron James,Regular Season
1678,34,2005-01-13,CLE,@,LAL,L,1,44:00,12.0,26.0,0.46,1,4,0.25,3.0,4.0,0.75,3.0,10.0,13,9,1.0,1.0,4,1,28.0,22.9,Lebron James,Regular Season
1679,35,2005-01-15,CLE,@,UTA,W,1,41:00,9.0,20.0,0.45,0,1,0.0,9.0,14.0,0.64,1.0,7.0,8,5,5.0,0.0,3,2,27.0,22.1,Lebron James,Regular Season
1680,36,2005-01-16,CLE,@,SEA,L,1,44:00,14.0,30.0,0.47,3,7,0.43,4.0,6.0,0.67,2.0,3.0,5,11,4.0,1.0,1,4,35.0,30.9,Lebron James,Regular Season
1681,37,2005-01-19,CLE,@,POR,W,1,44:00,11.0,16.0,0.69,1,1,1.0,4.0,6.0,0.67,1.0,10.0,11,10,4.0,0.0,2,4,27.0,30.5,Lebron James,Regular Season
1682,38,2005-01-20,CLE,@,SAC,L,1,37:00,9.0,19.0,0.47,0,1,0.0,0.0,1.0,0.0,1.0,7.0,8,6,1.0,0.0,3,0,18.0,12.9,Lebron James,Regular Season
1683,39,2005-01-22,CLE,@,GSW,W,1,43:00,13.0,24.0,0.54,0,1,0.0,2.0,2.0,1.0,1.0,11.0,12,10,1.0,1.0,3,1,28.0,25.7,Lebron James,Regular Season
1686,42,2005-02-01,CLE,@,ORL,L,1,43:00,10.0,20.0,0.5,0,3,0.0,8.0,13.0,0.62,2.0,3.0,5,7,0.0,1.0,3,2,28.0,20.1,Lebron James,Regular Season
1687,43,2005-02-03,CLE,@,MIA,L,1,46:00,11.0,23.0,0.48,1,3,0.33,8.0,12.0,0.67,2.0,0.0,2,10,3.0,0.0,2,2,31.0,26.3,Lebron James,Regular Season
1693,49,2005-02-17,CLE,@,MIN,L,1,41:00,10.0,19.0,0.53,1,2,0.5,5.0,6.0,0.83,2.0,5.0,7,8,1.0,0.0,2,0,26.0,23.8,Lebron James,Regular Season
1695,51,2005-02-25,CLE,@,IND,L,1,41:00,9.0,25.0,0.36,0,1,0.0,3.0,4.0,0.75,3.0,4.0,7,5,2.0,1.0,2,0,21.0,14.2,Lebron James,Regular Season
1696,52,2005-02-27,CLE,@,NJN,L,1,45:00,9.0,20.0,0.45,1,2,0.5,9.0,10.0,0.9,1.0,3.0,4,7,2.0,0.0,5,4,28.0,19.1,Lebron James,Regular Season
1699,55,2005-03-04,CLE,@,PHI,L,1,40:00,12.0,21.0,0.57,0,1,0.0,10.0,12.0,0.83,1.0,6.0,7,7,4.0,0.0,6,1,34.0,28.3,Lebron James,Regular Season
1704,60,2005-03-16,CLE,@,MIL,L,1,45:00,13.0,26.0,0.5,4,9,0.44,4.0,7.0,0.57,1.0,6.0,7,6,1.0,0.0,5,0,34.0,22.5,Lebron James,Regular Season
1706,62,2005-03-20,CLE,@,TOR,L,1,48:00,18.0,36.0,0.5,6,12,0.5,14.0,15.0,0.93,2.0,8.0,10,5,2.0,0.0,4,0,56.0,42.9,Lebron James,Regular Season
1708,64,2005-03-24,CLE,@,HOU,L,1,42:00,7.0,22.0,0.32,1,4,0.25,4.0,7.0,0.57,0.0,4.0,4,8,1.0,0.0,2,1,19.0,10.6,Lebron James,Regular Season
1709,65,2005-03-26,CLE,@,DAL,L,1,36:00,7.0,17.0,0.41,0,2,0.0,5.0,6.0,0.83,1.0,3.0,4,6,0.0,0.0,3,1,19.0,11.9,Lebron James,Regular Season
1710,66,2005-03-28,CLE,@,NOH,W,1,53:00,16.0,29.0,0.55,3,10,0.3,9.0,11.0,0.82,2.0,4.0,6,3,4.0,0.0,10,3,44.0,26.8,Lebron James,Regular Season
1712,68,2005-03-31,CLE,@,CHI,L,1,53:00,10.0,28.0,0.36,1,4,0.25,5.0,11.0,0.45,4.0,2.0,6,7,4.0,2.0,3,5,26.0,16.7,Lebron James,Regular Season
1716,72,2005-04-06,CLE,@,IND,L,1,33:00,9.0,18.0,0.5,0,3,0.0,2.0,4.0,0.5,2.0,2.0,4,3,1.0,0.0,2,2,20.0,12.5,Lebron James,Regular Season
1717,73,2005-04-08,CLE,@,PHI,L,1,48:00,12.0,30.0,0.4,2,6,0.33,11.0,11.0,1.0,4.0,9.0,13,7,5.0,0.0,5,1,37.0,30.8,Lebron James,Regular Season
1719,75,2005-04-11,CLE,@,ORL,W,1,48:00,12.0,23.0,0.52,1,6,0.17,8.0,10.0,0.8,1.0,6.0,7,6,5.0,1.0,2,4,33.0,29.7,Lebron James,Regular Season
1721,77,2005-04-15,CLE,@,WAS,L,1,48:00,16.0,33.0,0.48,1,6,0.17,5.0,8.0,0.62,2.0,4.0,6,6,1.0,0.0,1,3,38.0,25.7,Lebron James,Regular Season
1722,78,2005-04-17,CLE,@,DET,L,1,45:00,12.0,35.0,0.34,2,7,0.29,11.0,14.0,0.79,3.0,8.0,11,6,0.0,1.0,1,0,37.0,24.5,Lebron James,Regular Season
1724,80,2005-04-20,CLE,@,TOR,W,1,48:00,10.0,23.0,0.43,2,8,0.25,5.0,10.0,0.5,2.0,12.0,14,14,0.0,1.0,2,1,27.0,26.0,Lebron James,Regular Season
1726,2,2005-11-04,CLE,@,SAS,L,1,36:34,7.0,16.0,0.44,0,3,0.0,6.0,7.0,0.86,0.0,6.0,6,4,0.0,1.0,3,3,20.0,12.3,Lebron James,Regular Season
1727,3,2005-11-05,CLE,@,MEM,L,1,40:51,14.0,29.0,0.48,4,9,0.44,4.0,5.0,0.8,0.0,2.0,2,6,2.0,0.0,2,2,36.0,24.9,Lebron James,Regular Season
1728,4,2005-11-07,CLE,@,TOR,W,1,36:28,9.0,17.0,0.53,0,2,0.0,9.0,12.0,0.75,0.0,3.0,3,6,1.0,2.0,1,3,27.0,22.8,Lebron James,Regular Season
1731,7,2005-11-13,CLE,@,ORL,W,1,48:54,9.0,20.0,0.45,1,4,0.25,7.0,11.0,0.64,0.0,5.0,5,3,0.0,1.0,2,2,26.0,15.5,Lebron James,Regular Season
1734,10,2005-11-19,CLE,@,PHI,W,1,46:51,14.0,24.0,0.58,0,2,0.0,8.0,10.0,0.8,2.0,9.0,11,10,1.0,1.0,5,1,36.0,31.4,Lebron James,Regular Season
1736,12,2005-11-24,CLE,@,IND,L,1,43:02,6.0,20.0,0.3,0,4,0.0,7.0,11.0,0.64,1.0,9.0,10,4,5.0,1.0,6,4,19.0,10.1,Lebron James,Regular Season
1739,15,2005-12-02,CLE,@,SEA,L,1,45:07,14.0,27.0,0.52,0,5,0.0,6.0,8.0,0.75,0.0,3.0,3,8,1.0,3.0,1,1,34.0,28.1,Lebron James,Regular Season
1740,16,2005-12-03,CLE,@,LAC,L,1,44:41,8.0,25.0,0.32,3,5,0.6,11.0,14.0,0.79,0.0,5.0,5,6,1.0,1.0,1,3,30.0,19.7,Lebron James,Regular Season
1741,17,2005-12-06,CLE,@,SAC,W,1,44:19,10.0,23.0,0.43,1,5,0.2,9.0,12.0,0.75,2.0,4.0,6,6,2.0,3.0,5,2,30.0,21.8,Lebron James,Regular Season
1743,19,2005-12-10,CLE,@,MIL,L,1,42:48,19.0,29.0,0.66,5,9,0.56,9.0,10.0,0.9,0.0,7.0,7,7,2.0,0.0,3,5,52.0,42.9,Lebron James,Regular Season
1748,24,2005-12-22,CLE,@,CHI,W,1,43:51,12.0,25.0,0.48,4,6,0.67,9.0,13.0,0.69,0.0,5.0,5,6,4.0,0.0,2,2,37.0,29.6,Lebron James,Regular Season
1751,27,2005-12-27,CLE,@,NJN,L,1,40:18,12.0,21.0,0.57,1,5,0.2,6.0,9.0,0.67,1.0,9.0,10,8,2.0,0.0,4,3,31.0,25.7,Lebron James,Regular Season
1753,29,2006-01-04,CLE,@,MIL,W,1,45:42,12.0,29.0,0.41,2,8,0.25,6.0,7.0,0.86,2.0,9.0,11,11,5.0,1.0,4,1,32.0,29.2,Lebron James,Regular Season
1757,33,2006-01-12,CLE,@,LAL,L,1,40:06,11.0,22.0,0.5,2,3,0.67,4.0,9.0,0.44,0.0,2.0,2,9,0.0,0.0,5,2,28.0,16.1,Lebron James,Regular Season
1758,34,2006-01-14,CLE,@,PHO,L,1,43:45,18.0,28.0,0.64,5,8,0.62,5.0,5.0,1.0,0.0,7.0,7,8,1.0,0.0,1,1,46.0,40.9,Lebron James,Regular Season
1759,35,2006-01-15,CLE,@,POR,L,1,41:19,10.0,26.0,0.38,1,5,0.2,8.0,11.0,0.73,2.0,11.0,13,7,1.0,3.0,2,3,29.0,23.1,Lebron James,Regular Season
1760,36,2006-01-18,CLE,@,DEN,L,1,41:35,7.0,20.0,0.35,2,6,0.33,8.0,15.0,0.53,2.0,9.0,11,9,0.0,0.0,2,5,24.0,16.4,Lebron James,Regular Season
1761,37,2006-01-20,CLE,@,GSW,L,1,35:12,5.0,22.0,0.23,0,3,0.0,4.0,6.0,0.67,1.0,8.0,9,6,0.0,0.0,6,3,14.0,-0.1,Lebron James,Regular Season
1762,38,2006-01-21,CLE,@,UTA,W,1,42:47,19.0,35.0,0.54,4,8,0.5,9.0,11.0,0.82,0.0,5.0,5,8,2.0,0.0,3,4,51.0,37.8,Lebron James,Regular Season
1764,40,2006-01-25,CLE,@,ATL,W,1,45:54,11.0,22.0,0.5,1,5,0.2,15.0,20.0,0.75,1.0,8.0,9,6,3.0,1.0,5,2,38.0,30.2,Lebron James,Regular Season
1765,41,2006-01-27,CLE,@,IND,W,1,45:06,12.0,23.0,0.52,1,2,0.5,5.0,8.0,0.62,1.0,6.0,7,9,3.0,1.0,6,1,30.0,23.6,Lebron James,Regular Season
1767,43,2006-01-30,CLE,@,CHA,W,1,31:34,11.0,19.0,0.58,2,6,0.33,6.0,11.0,0.55,1.0,5.0,6,6,5.0,1.0,4,2,30.0,26.4,Lebron James,Regular Season
1769,45,2006-02-02,CLE,@,MIA,L,1,39:18,12.0,29.0,0.41,2,5,0.4,3.0,3.0,1.0,1.0,4.0,5,7,1.0,0.0,1,0,29.0,20.3,Lebron James,Regular Season
1772,48,2006-02-08,CLE,@,MIN,W,1,45:38,11.0,34.0,0.32,1,5,0.2,12.0,17.0,0.71,1.0,10.0,11,8,1.0,0.0,0,3,35.0,22.7,Lebron James,Regular Season
1773,49,2006-02-10,CLE,@,WAS,L,1,45:23,6.0,23.0,0.26,0,3,0.0,6.0,8.0,0.75,1.0,8.0,9,8,1.0,0.0,2,2,18.0,10.4,Lebron James,Regular Season
1776,52,2006-02-15,CLE,@,BOS,W,1,53:55,16.0,32.0,0.5,0,5,0.0,11.0,15.0,0.73,1.0,11.0,12,11,2.0,4.0,2,5,43.0,37.9,Lebron James,Regular Season
1778,54,2006-02-22,CLE,@,PHI,L,1,43:07,13.0,24.0,0.54,1,4,0.25,6.0,10.0,0.6,3.0,3.0,6,5,2.0,1.0,6,3,33.0,21.8,Lebron James,Regular Season
1780,56,2006-02-26,CLE,@,DET,L,1,37:46,9.0,20.0,0.45,2,3,0.67,2.0,3.0,0.67,1.0,8.0,9,7,0.0,0.0,3,3,22.0,15.0,Lebron James,Regular Season
1783,59,2006-03-02,CLE,@,CHI,W,1,46:37,11.0,27.0,0.41,0,3,0.0,11.0,13.0,0.85,2.0,9.0,11,8,0.0,1.0,5,4,33.0,21.5,Lebron James,Regular Season
1786,62,2006-03-08,CLE,@,TOR,W,1,44:17,13.0,24.0,0.54,1,3,0.33,8.0,12.0,0.67,1.0,5.0,6,6,1.0,0.0,0,2,35.0,28.4,Lebron James,Regular Season
1787,63,2006-03-10,CLE,@,ORL,L,1,38:58,9.0,22.0,0.41,2,6,0.33,5.0,6.0,0.83,2.0,5.0,7,2,2.0,1.0,5,0,25.0,14.8,Lebron James,Regular Season
1788,64,2006-03-12,CLE,@,MIA,L,1,45:17,11.0,27.0,0.41,1,6,0.17,24.0,28.0,0.86,2.0,5.0,7,4,0.0,1.0,5,2,47.0,31.5,Lebron James,Regular Season
1789,65,2006-03-14,CLE,@,DAL,L,1,44:58,14.0,27.0,0.52,0,2,0.0,8.0,8.0,1.0,1.0,11.0,12,5,0.0,2.0,4,1,36.0,27.2,Lebron James,Regular Season
1794,70,2006-03-26,CLE,@,HOU,W,1,48:56,14.0,34.0,0.41,0,4,0.0,8.0,11.0,0.73,3.0,3.0,6,5,2.0,0.0,2,2,36.0,22.3,Lebron James,Regular Season
1797,73,2006-04-02,CLE,@,CHA,W,1,41:17,13.0,24.0,0.54,2,5,0.4,7.0,9.0,0.78,1.0,11.0,12,8,1.0,2.0,3,5,35.0,29.6,Lebron James,Regular Season
1799,75,2006-04-05,CLE,@,NYK,L,1,44:48,12.0,24.0,0.5,4,7,0.57,8.0,14.0,0.57,0.0,2.0,2,7,3.0,0.0,5,3,36.0,23.9,Lebron James,Regular Season
1800,76,2006-04-08,CLE,@,NJN,W,1,44:09,12.0,26.0,0.46,0,3,0.0,13.0,16.0,0.81,1.0,4.0,5,7,1.0,0.0,6,5,37.0,22.2,Lebron James,Regular Season
1801,77,2006-04-10,CLE,@,NOK,W,1,42:07,12.0,24.0,0.5,0,3,0.0,8.0,12.0,0.67,1.0,3.0,4,6,0.0,0.0,2,1,32.0,21.8,Lebron James,Regular Season
1802,78,2006-04-12,CLE,@,DET,L,1,31:21,8.0,18.0,0.44,0,3,0.0,6.0,8.0,0.75,0.0,3.0,3,1,0.0,0.0,2,0,22.0,11.4,Lebron James,Regular Season
1805,2,2006-11-03,CLE,@,SAS,W,1,41:53,14.0,26.0,0.54,1,2,0.5,6.0,11.0,0.55,1.0,9.0,10,4,1.0,1.0,2,3,35.0,25.1,Lebron James,Regular Season
1806,3,2006-11-04,CLE,@,CHA,L,1,38:06,3.0,13.0,0.23,1,3,0.33,9.0,10.0,0.9,4.0,5.0,9,7,0.0,1.0,2,0,16.0,15.6,Lebron James,Regular Season
1810,7,2006-11-13,CLE,@,NYK,W,1,41:20,10.0,19.0,0.53,3,4,0.75,6.0,9.0,0.67,0.0,4.0,4,6,2.0,1.0,3,2,29.0,22.8,Lebron James,Regular Season
1813,10,2006-11-18,CLE,@,WAS,L,1,33:20,8.0,20.0,0.4,0,1,0.0,4.0,5.0,0.8,2.0,3.0,5,4,2.0,0.0,3,2,20.0,12.1,Lebron James,Regular Season
1815,12,2006-11-22,CLE,@,TOR,L,1,39:55,11.0,24.0,0.46,2,7,0.29,6.0,9.0,0.67,0.0,10.0,10,8,4.0,0.0,2,1,30.0,26.6,Lebron James,Regular Season
1816,13,2006-11-24,CLE,@,IND,L,1,42:26,6.0,14.0,0.43,2,2,1.0,16.0,20.0,0.8,1.0,6.0,7,5,1.0,0.0,3,6,30.0,22.6,Lebron James,Regular Season
1819,16,2006-12-01,CLE,@,ATL,W,1,42:55,12.0,23.0,0.52,1,3,0.33,6.0,10.0,0.6,2.0,5.0,7,8,3.0,2.0,4,4,31.0,25.4,Lebron James,Regular Season
1820,17,2006-12-02,CLE,@,HOU,L,1,35:44,7.0,22.0,0.32,2,6,0.33,5.0,7.0,0.71,1.0,4.0,5,4,0.0,0.0,3,2,21.0,8.5,Lebron James,Regular Season
1823,20,2006-12-11,CLE,@,NOK,L,1,41:36,7.0,18.0,0.39,0,3,0.0,1.0,1.0,1.0,3.0,4.0,7,6,4.0,0.0,3,1,15.0,13.3,Lebron James,Regular Season
1826,23,2006-12-16,CLE,@,ORL,L,1,41:03,10.0,19.0,0.53,2,5,0.4,7.0,9.0,0.78,1.0,4.0,5,5,0.0,1.0,4,4,29.0,19.4,Lebron James,Regular Season
1827,24,2006-12-20,CLE,@,NJN,L,1,40:11,10.0,22.0,0.45,1,3,0.33,16.0,21.0,0.76,0.0,1.0,1,8,2.0,1.0,3,4,37.0,27.6,Lebron James,Regular Season
1830,27,2006-12-27,CLE,@,ATL,W,1,39:31,10.0,25.0,0.4,1,2,0.5,6.0,8.0,0.75,1.0,8.0,9,3,1.0,2.0,1,1,27.0,18.9,Lebron James,Regular Season
1832,29,2006-12-30,CLE,@,CHI,L,1,40:19,15.0,26.0,0.58,3,4,0.75,0.0,3.0,0.0,2.0,7.0,9,3,1.0,0.0,5,4,33.0,19.6,Lebron James,Regular Season
1834,31,2007-01-03,CLE,@,BOS,W,1,44:47,11.0,20.0,0.55,2,3,0.67,8.0,10.0,0.8,1.0,5.0,6,4,3.0,1.0,3,0,32.0,27.3,Lebron James,Regular Season
1835,32,2007-01-05,CLE,@,MIL,W,1,42:50,3.0,13.0,0.23,0,4,0.0,2.0,2.0,1.0,0.0,5.0,5,9,1.0,0.0,2,1,8.0,6.5,Lebron James,Regular Season
1837,34,2007-01-09,CLE,@,SAC,W,1,43:25,14.0,26.0,0.54,3,7,0.43,3.0,3.0,1.0,1.0,3.0,4,7,2.0,1.0,3,3,34.0,26.4,Lebron James,Regular Season
1838,35,2007-01-11,CLE,@,PHO,L,1,38:49,15.0,28.0,0.54,3,9,0.33,1.0,2.0,0.5,2.0,4.0,6,6,1.0,0.0,5,2,34.0,22.0,Lebron James,Regular Season
1839,36,2007-01-13,CLE,@,LAC,W,1,42:02,10.0,23.0,0.43,0,1,0.0,8.0,8.0,1.0,1.0,5.0,6,6,1.0,0.0,2,4,28.0,19.7,Lebron James,Regular Season
1840,37,2007-01-16,CLE,@,SEA,L,1,43:34,8.0,21.0,0.38,1,7,0.14,13.0,15.0,0.87,1.0,6.0,7,8,2.0,1.0,4,0,30.0,24.5,Lebron James,Regular Season
1841,38,2007-01-17,CLE,@,POR,L,1,35:07,8.0,21.0,0.38,1,4,0.25,6.0,13.0,0.46,3.0,3.0,6,2,1.0,0.0,4,0,23.0,10.1,Lebron James,Regular Season
1842,39,2007-01-19,CLE,@,DEN,L,1,43:52,9.0,23.0,0.39,0,1,0.0,12.0,14.0,0.86,2.0,8.0,10,10,2.0,0.0,3,2,30.0,25.7,Lebron James,Regular Season
1843,40,2007-01-20,CLE,@,GSW,W,1,45:52,14.0,22.0,0.64,2,7,0.29,2.0,5.0,0.4,0.0,7.0,7,5,4.0,0.0,9,2,32.0,20.8,Lebron James,Regular Season
1847,44,2007-02-01,CLE,@,MIA,L,1,35:35,6.0,18.0,0.33,2,7,0.29,3.0,8.0,0.38,1.0,5.0,6,9,1.0,0.0,2,4,17.0,10.7,Lebron James,Regular Season
1853,50,2007-02-14,CLE,@,UTA,L,1,42:39,9.0,25.0,0.36,0,3,0.0,5.0,9.0,0.56,3.0,7.0,10,4,1.0,3.0,0,2,23.0,16.8,Lebron James,Regular Season
1854,51,2007-02-15,CLE,@,LAL,W,1,39:48,10.0,16.0,0.62,0,1,0.0,18.0,22.0,0.82,0.0,4.0,4,3,3.0,0.0,3,4,38.0,30.9,Lebron James,Regular Season
1855,52,2007-02-21,CLE,@,TOR,W,1,36:49,12.0,25.0,0.48,0,1,0.0,5.0,5.0,1.0,0.0,4.0,4,2,1.0,1.0,3,3,29.0,16.4,Lebron James,Regular Season
1857,54,2007-02-25,CLE,@,MIA,L,1,41:30,10.0,22.0,0.45,2,5,0.4,7.0,12.0,0.58,0.0,3.0,3,7,0.0,1.0,2,2,29.0,19.3,Lebron James,Regular Season
1859,56,2007-03-01,CLE,@,DAL,L,1,39:58,17.0,27.0,0.63,1,4,0.25,4.0,8.0,0.5,0.0,3.0,3,5,0.0,0.0,2,2,39.0,26.9,Lebron James,Regular Season
1862,59,2007-03-07,CLE,@,DET,W,1,50:40,17.0,31.0,0.55,1,3,0.33,6.0,8.0,0.75,2.0,5.0,7,8,3.0,1.0,4,4,41.0,31.9,Lebron James,Regular Season
1863,60,2007-03-10,CLE,@,MIL,W,1,36:30,12.0,22.0,0.55,4,6,0.67,4.0,4.0,1.0,0.0,8.0,8,9,3.0,1.0,6,5,32.0,25.8,Lebron James,Regular Season
1865,62,2007-03-14,CLE,@,MEM,W,1,29:35,11.0,17.0,0.65,4,7,0.57,3.0,6.0,0.5,1.0,5.0,6,4,3.0,0.0,2,0,29.0,26.3,Lebron James,Regular Season
1867,64,2007-03-20,CLE,@,CHA,L,1,46:33,12.0,31.0,0.39,2,9,0.22,11.0,12.0,0.92,2.0,4.0,6,6,1.0,3.0,3,4,37.0,25.0,Lebron James,Regular Season
1871,68,2007-03-27,CLE,@,IND,W,1,40:08,8.0,18.0,0.44,0,3,0.0,10.0,14.0,0.71,1.0,6.0,7,6,2.0,0.0,3,4,26.0,19.1,Lebron James,Regular Season
1872,69,2007-03-28,CLE,@,NYK,L,1,43:55,6.0,20.0,0.3,2,5,0.4,10.0,14.0,0.71,1.0,5.0,6,7,2.0,0.0,3,3,24.0,15.7,Lebron James,Regular Season
1873,70,2007-03-31,CLE,@,CHI,W,1,47:24,14.0,25.0,0.56,0,3,0.0,11.0,13.0,0.85,1.0,4.0,5,9,3.0,0.0,7,4,39.0,28.9,Lebron James,Regular Season
1874,71,2007-04-03,CLE,@,MIN,W,1,41:49,13.0,24.0,0.54,0,2,0.0,5.0,5.0,1.0,2.0,10.0,12,6,4.0,1.0,2,1,31.0,30.3,Lebron James,Regular Season
1876,73,2007-04-06,CLE,@,WAS,W,1,44:25,7.0,23.0,0.3,0,3,0.0,11.0,14.0,0.79,0.0,6.0,6,5,1.0,1.0,2,3,25.0,14.3,Lebron James,Regular Season
1877,74,2007-04-08,CLE,@,DET,L,1,43:06,5.0,16.0,0.31,1,4,0.25,9.0,11.0,0.82,1.0,4.0,5,6,1.0,0.0,5,2,20.0,11.3,Lebron James,Regular Season
1880,77,2007-04-17,CLE,@,PHI,W,1,36:03,7.0,15.0,0.47,0,2,0.0,4.0,7.0,0.57,1.0,4.0,5,6,0.0,0.0,1,3,18.0,13.0,Lebron James,Regular Season
1884,3,2007-11-04,CLE,@,PHO,L,1,43:13,11.0,26.0,0.42,3,5,0.6,2.0,2.0,1.0,1.0,4.0,5,8,2.0,4.0,3,0,27.0,22.5,Lebron James,Regular Season
1885,4,2007-11-06,CLE,@,GSW,W,1,41:51,9.0,16.0,0.56,1,2,0.5,5.0,7.0,0.71,1.0,12.0,13,9,0.0,3.0,2,1,24.0,25.9,Lebron James,Regular Season
1886,5,2007-11-07,CLE,@,UTA,L,1,40:45,12.0,27.0,0.44,1,4,0.25,7.0,15.0,0.47,2.0,13.0,15,13,3.0,2.0,4,4,32.0,27.9,Lebron James,Regular Season
1887,6,2007-11-09,CLE,@,SAC,W,1,43:51,10.0,19.0,0.53,0,2,0.0,6.0,8.0,0.75,0.0,4.0,4,4,1.0,1.0,1,1,26.0,20.2,Lebron James,Regular Season
1888,7,2007-11-11,CLE,@,LAC,W,1,35:55,9.0,21.0,0.43,0,2,0.0,4.0,8.0,0.5,1.0,4.0,5,8,6.0,1.0,5,3,22.0,17.3,Lebron James,Regular Season
1889,8,2007-11-12,CLE,@,DEN,L,1,33:47,9.0,16.0,0.56,1,3,0.33,8.0,14.0,0.57,0.0,1.0,1,4,2.0,0.0,4,3,27.0,16.9,Lebron James,Regular Season
1893,12,2007-11-21,CLE,@,MIN,W,1,39:03,17.0,26.0,0.65,6,10,0.6,5.0,8.0,0.62,2.0,6.0,8,5,3.0,2.0,3,2,45.0,39.7,Lebron James,Regular Season
1895,14,2007-11-25,CLE,@,IND,W,1,35:47,10.0,21.0,0.48,1,6,0.17,9.0,15.0,0.6,3.0,8.0,11,10,4.0,1.0,2,1,30.0,30.7,Lebron James,Regular Season
1897,16,2007-11-28,CLE,@,DET,L,1,19:31,5.0,11.0,0.45,0,2,0.0,5.0,9.0,0.56,0.0,1.0,1,3,0.0,0.0,0,1,15.0,9.7,Lebron James,Regular Season
1899,18,2007-12-14,CLE,@,NJN,L,1,41:09,12.0,25.0,0.48,3,9,0.33,2.0,3.0,0.67,0.0,6.0,6,8,2.0,0.0,6,3,29.0,18.1,Lebron James,Regular Season
1902,21,2007-12-19,CLE,@,NYK,L,1,36:52,12.0,21.0,0.57,3,6,0.5,5.0,6.0,0.83,1.0,7.0,8,6,6.0,0.0,4,1,32.0,30.3,Lebron James,Regular Season
1906,25,2007-12-27,CLE,@,DAL,W,1,36:19,9.0,21.0,0.43,1,4,0.25,5.0,10.0,0.5,4.0,4.0,8,7,3.0,0.0,3,5,24.0,17.8,Lebron James,Regular Season
1907,26,2007-12-29,CLE,@,NOH,L,1,42:21,8.0,21.0,0.38,1,4,0.25,4.0,6.0,0.67,2.0,3.0,5,6,1.0,0.0,4,1,21.0,11.8,Lebron James,Regular Season
1910,29,2008-01-06,CLE,@,TOR,W,1,45:44,14.0,29.0,0.48,4,8,0.5,7.0,12.0,0.58,3.0,8.0,11,8,0.0,0.0,1,1,39.0,31.0,Lebron James,Regular Season
1912,31,2008-01-09,CLE,@,ATL,L,1,43:23,13.0,22.0,0.59,0,4,0.0,5.0,9.0,0.56,3.0,7.0,10,6,3.0,1.0,3,3,31.0,27.1,Lebron James,Regular Season
1914,33,2008-01-15,CLE,@,MEM,W,1,47:10,18.0,28.0,0.64,6,12,0.5,9.0,16.0,0.56,3.0,5.0,8,9,3.0,1.0,4,1,51.0,45.0,Lebron James,Regular Season
1915,34,2008-01-17,CLE,@,SAS,W,1,38:54,9.0,24.0,0.38,1,5,0.2,8.0,12.0,0.67,3.0,6.0,9,7,0.0,2.0,3,1,27.0,19.0,Lebron James,Regular Season
1916,35,2008-01-21,CLE,@,MIA,W,1,39:40,11.0,26.0,0.42,1,4,0.25,5.0,5.0,1.0,1.0,2.0,3,5,4.0,1.0,5,4,28.0,17.1,Lebron James,Regular Season
1919,38,2008-01-27,CLE,@,LAL,W,1,44:08,16.0,32.0,0.5,1,5,0.2,8.0,12.0,0.67,3.0,6.0,9,4,2.0,0.0,5,4,41.0,25.5,Lebron James,Regular Season
1920,39,2008-01-30,CLE,@,POR,W,1,43:53,13.0,29.0,0.45,3,6,0.5,8.0,12.0,0.67,2.0,12.0,14,4,2.0,2.0,4,3,37.0,26.3,Lebron James,Regular Season
1923,42,2008-02-07,CLE,@,HOU,L,1,41:13,12.0,23.0,0.52,2,5,0.4,6.0,11.0,0.55,1.0,6.0,7,6,2.0,2.0,3,0,32.0,25.8,Lebron James,Regular Season
1924,43,2008-02-08,CLE,@,ATL,W,1,44:00,11.0,24.0,0.46,0,3,0.0,4.0,4.0,1.0,4.0,7.0,11,7,2.0,1.0,1,2,26.0,24.3,Lebron James,Regular Season
1926,45,2008-02-11,CLE,@,ORL,W,1,43:51,8.0,15.0,0.53,1,2,0.5,12.0,15.0,0.8,1.0,6.0,7,10,3.0,1.0,5,3,29.0,27.5,Lebron James,Regular Season
1929,48,2008-02-20,CLE,@,IND,W,1,43:14,11.0,22.0,0.5,1,5,0.2,8.0,12.0,0.67,2.0,12.0,14,12,2.0,1.0,4,1,31.0,30.1,Lebron James,Regular Season
1932,51,2008-02-26,CLE,@,MIL,L,1,37:50,16.0,24.0,0.67,1,3,0.33,2.0,5.0,0.4,0.0,4.0,4,6,0.0,1.0,2,3,35.0,26.3,Lebron James,Regular Season
1933,52,2008-02-27,CLE,@,BOS,L,1,39:00,7.0,24.0,0.29,1,6,0.17,11.0,15.0,0.73,4.0,4.0,8,4,0.0,0.0,3,2,26.0,13.4,Lebron James,Regular Season
1936,55,2008-03-05,CLE,@,NYK,W,1,43:50,16.0,30.0,0.53,7,13,0.54,11.0,16.0,0.69,1.0,7.0,8,10,4.0,0.0,2,3,50.0,44.0,Lebron James,Regular Season
1937,56,2008-03-06,CLE,@,CHI,L,1,37:55,13.0,27.0,0.48,2,8,0.25,11.0,12.0,0.92,0.0,3.0,3,1,1.0,3.0,4,1,39.0,25.2,Lebron James,Regular Season
1940,59,2008-03-12,CLE,@,NJN,L,1,45:41,12.0,23.0,0.52,2,7,0.29,16.0,23.0,0.7,3.0,8.0,11,7,1.0,2.0,6,5,42.0,31.7,Lebron James,Regular Season
1941,60,2008-03-13,CLE,@,WAS,L,1,43:23,9.0,22.0,0.41,1,7,0.14,6.0,8.0,0.75,2.0,5.0,7,7,0.0,0.0,7,4,25.0,11.6,Lebron James,Regular Season
1943,62,2008-03-17,CLE,@,ORL,L,1,42:14,11.0,22.0,0.5,1,4,0.25,7.0,11.0,0.64,2.0,7.0,9,6,0.0,1.0,3,1,30.0,22.4,Lebron James,Regular Season
1946,65,2008-03-22,CLE,@,MIL,L,1,38:35,9.0,25.0,0.36,3,9,0.33,8.0,10.0,0.8,4.0,7.0,11,4,2.0,0.0,4,3,29.0,18.8,Lebron James,Regular Season
1948,67,2008-03-29,CLE,@,DET,L,1,35:18,4.0,17.0,0.24,1,5,0.2,4.0,6.0,0.67,0.0,4.0,4,5,0.0,0.0,5,0,13.0,1.6,Lebron James,Regular Season
1950,69,2008-04-02,CLE,@,CHA,W,1,31:13,11.0,19.0,0.58,1,4,0.25,6.0,6.0,1.0,2.0,2.0,4,5,3.0,2.0,4,6,29.0,23.6,Lebron James,Regular Season
1954,73,2008-04-11,CLE,@,CHI,L,1,38:11,13.0,21.0,0.62,2,6,0.33,6.0,12.0,0.5,0.0,6.0,6,2,3.0,0.0,3,2,34.0,24.5,Lebron James,Regular Season
1956,75,2008-04-14,CLE,@,PHI,W,1,41:41,10.0,18.0,0.56,1,2,0.5,6.0,12.0,0.5,1.0,3.0,4,5,2.0,1.0,5,3,27.0,17.6,Lebron James,Regular Season
1957,1,2008-10-28,CLE,@,BOS,L,1,36:00,9.0,21.0,0.43,0,4,0.0,4.0,8.0,0.5,1.0,6.0,7,6,2.0,1.0,3,4,22.0,14.1,Lebron James,Regular Season
1959,3,2008-11-01,CLE,@,NOH,L,1,37:43,6.0,15.0,0.4,0,3,0.0,3.0,4.0,0.75,2.0,5.0,7,13,3.0,0.0,5,3,15.0,15.3,Lebron James,Regular Season
1960,4,2008-11-03,CLE,@,DAL,W,1,34:08,8.0,20.0,0.4,0,2,0.0,13.0,15.0,0.87,2.0,6.0,8,3,2.0,1.0,1,1,29.0,24.0,Lebron James,Regular Season
1963,7,2008-11-08,CLE,@,CHI,W,1,39:12,13.0,29.0,0.45,4,7,0.57,11.0,13.0,0.85,4.0,9.0,13,4,0.0,0.0,2,1,41.0,31.0,Lebron James,Regular Season
1967,11,2008-11-18,CLE,@,NJN,W,1,35:58,9.0,20.0,0.45,1,4,0.25,12.0,17.0,0.71,0.0,8.0,8,4,0.0,1.0,3,3,31.0,20.3,Lebron James,Regular Season
1968,12,2008-11-19,CLE,@,DET,L,1,39:30,8.0,21.0,0.38,0,4,0.0,9.0,10.0,0.9,1.0,5.0,6,6,4.0,0.0,3,1,25.0,20.1,Lebron James,Regular Season
1970,14,2008-11-25,CLE,@,NYK,W,1,30:20,7.0,14.0,0.5,3,7,0.43,9.0,11.0,0.82,0.0,4.0,4,1,1.0,1.0,1,0,26.0,20.8,Lebron James,Regular Season
1973,17,2008-11-29,CLE,@,MIL,W,1,41:22,12.0,27.0,0.44,1,5,0.2,7.0,10.0,0.7,1.0,6.0,7,5,2.0,1.0,3,3,32.0,21.2,Lebron James,Regular Season
1976,20,2008-12-06,CLE,@,CHA,W,1,27:40,8.0,17.0,0.47,2,4,0.5,7.0,8.0,0.88,2.0,3.0,5,4,2.0,2.0,3,3,25.0,20.2,Lebron James,Regular Season
1978,22,2008-12-10,CLE,@,PHI,W,1,39:04,10.0,22.0,0.45,2,6,0.33,7.0,8.0,0.88,2.0,2.0,4,5,0.0,2.0,1,4,29.0,21.5,Lebron James,Regular Season
1980,24,2008-12-13,CLE,@,ATL,L,1,45:40,10.0,19.0,0.53,2,7,0.29,11.0,12.0,0.92,2.0,4.0,6,9,4.0,1.0,1,2,33.0,35.1,Lebron James,Regular Season
1981,25,2008-12-17,CLE,@,MIN,W,1,39:38,14.0,20.0,0.7,2,6,0.33,2.0,4.0,0.5,0.0,6.0,6,3,2.0,2.0,0,1,32.0,29.7,Lebron James,Regular Season
1982,26,2008-12-19,CLE,@,DEN,W,1,38:45,13.0,20.0,0.65,0,2,0.0,7.0,8.0,0.88,3.0,7.0,10,8,0.0,0.0,6,3,33.0,26.4,Lebron James,Regular Season
1983,27,2008-12-21,CLE,@,OKC,W,1,42:46,14.0,24.0,0.58,2,4,0.5,1.0,2.0,0.5,2.0,2.0,4,7,3.0,1.0,3,1,31.0,26.6,Lebron James,Regular Season
1987,31,2008-12-30,CLE,@,MIA,L,1,43:29,12.0,24.0,0.5,3,8,0.38,11.0,14.0,0.79,0.0,2.0,2,7,0.0,2.0,5,2,38.0,25.9,Lebron James,Regular Season
1989,33,2009-01-04,CLE,@,WAS,L,1,40:46,11.0,22.0,0.5,3,9,0.33,5.0,8.0,0.62,0.0,6.0,6,10,1.0,2.0,7,4,30.0,20.4,Lebron James,Regular Season
1992,36,2009-01-13,CLE,@,MEM,W,1,40:12,9.0,15.0,0.6,1,5,0.2,11.0,14.0,0.79,0.0,11.0,11,10,3.0,1.0,2,2,30.0,33.1,Lebron James,Regular Season
1993,37,2009-01-15,CLE,@,CHI,L,1,44:19,8.0,28.0,0.29,1,6,0.17,11.0,16.0,0.69,3.0,11.0,14,7,1.0,1.0,8,4,28.0,12.0,Lebron James,Regular Season
1995,39,2009-01-19,CLE,@,LAL,L,1,42:10,9.0,25.0,0.36,1,5,0.2,4.0,8.0,0.5,2.0,7.0,9,4,4.0,1.0,6,1,23.0,12.1,Lebron James,Regular Season
1996,40,2009-01-21,CLE,@,POR,W,1,42:02,14.0,30.0,0.47,3,6,0.5,3.0,4.0,0.75,0.0,7.0,7,14,1.0,0.0,2,1,34.0,28.7,Lebron James,Regular Season
1997,41,2009-01-23,CLE,@,GSW,W,1,40:39,10.0,24.0,0.42,2,5,0.4,10.0,16.0,0.62,2.0,7.0,9,8,3.0,2.0,2,2,32.0,27.5,Lebron James,Regular Season
1998,42,2009-01-24,CLE,@,UTA,W,1,41:08,14.0,27.0,0.52,1,6,0.17,4.0,6.0,0.67,4.0,10.0,14,9,1.0,0.0,2,1,33.0,29.6,Lebron James,Regular Season
2000,44,2009-01-29,CLE,@,ORL,L,1,37:41,10.0,27.0,0.37,0,2,0.0,3.0,6.0,0.5,1.0,7.0,8,8,1.0,1.0,2,1,23.0,14.6,Lebron James,Regular Season
2002,46,2009-02-01,CLE,@,DET,W,1,38:50,12.0,25.0,0.48,3,8,0.38,6.0,11.0,0.55,4.0,0.0,4,8,1.0,1.0,5,3,33.0,22.2,Lebron James,Regular Season
2004,48,2009-02-04,CLE,@,NYK,W,1,44:03,17.0,33.0,0.52,2,7,0.29,16.0,19.0,0.84,0.0,9.0,9,11,0.0,2.0,3,1,52.0,42.9,Lebron James,Regular Season
2006,50,2009-02-10,CLE,@,IND,L,1,41:10,15.0,21.0,0.71,4,7,0.57,13.0,14.0,0.93,0.0,7.0,7,4,1.0,1.0,7,1,47.0,37.1,Lebron James,Regular Season
2008,52,2009-02-18,CLE,@,TOR,W,1,33:12,9.0,17.0,0.53,0,3,0.0,2.0,2.0,1.0,1.0,8.0,9,9,1.0,1.0,5,1,20.0,17.4,Lebron James,Regular Season
2009,53,2009-02-20,CLE,@,MIL,W,1,40:04,16.0,29.0,0.55,8,11,0.73,15.0,22.0,0.68,1.0,4.0,5,9,0.0,0.0,6,3,55.0,39.3,Lebron James,Regular Season
2012,56,2009-02-26,CLE,@,HOU,L,1,33:51,7.0,21.0,0.33,2,5,0.4,5.0,6.0,0.83,0.0,1.0,1,0,1.0,2.0,3,4,21.0,6.8,Lebron James,Regular Season
2013,57,2009-02-27,CLE,@,SAS,W,1,32:08,12.0,23.0,0.52,3,6,0.5,3.0,3.0,1.0,4.0,10.0,14,4,2.0,0.0,1,2,30.0,27.5,Lebron James,Regular Season
2014,58,2009-03-01,CLE,@,ATL,W,1,43:43,8.0,20.0,0.4,2,7,0.29,8.0,14.0,0.57,1.0,5.0,6,11,1.0,2.0,0,3,26.0,23.9,Lebron James,Regular Season
2015,59,2009-03-02,CLE,@,MIA,W,1,43:40,13.0,21.0,0.62,6,7,0.86,10.0,10.0,1.0,1.0,7.0,8,4,1.0,1.0,6,4,42.0,32.2,Lebron James,Regular Season
2017,61,2009-03-06,CLE,@,BOS,L,1,38:17,5.0,15.0,0.33,2,5,0.4,9.0,12.0,0.75,0.0,6.0,6,5,1.0,0.0,4,1,21.0,13.2,Lebron James,Regular Season
2019,63,2009-03-10,CLE,@,LAC,W,1,43:42,10.0,23.0,0.43,0,6,0.0,12.0,16.0,0.75,4.0,9.0,13,11,2.0,2.0,4,2,32.0,30.1,Lebron James,Regular Season
2020,64,2009-03-12,CLE,@,PHO,W,1,43:27,10.0,24.0,0.42,3,8,0.38,11.0,13.0,0.85,6.0,4.0,10,13,3.0,3.0,3,0,34.0,37.0,Lebron James,Regular Season
2021,65,2009-03-13,CLE,@,SAC,W,1,46:59,16.0,30.0,0.53,4,11,0.36,15.0,17.0,0.88,0.0,4.0,4,9,2.0,3.0,3,2,51.0,43.4,Lebron James,Regular Season
2026,70,2009-03-22,CLE,@,NJN,W,1,39:09,9.0,17.0,0.53,1,4,0.25,11.0,15.0,0.73,2.0,9.0,11,8,1.0,0.0,1,0,30.0,29.8,Lebron James,Regular Season
2031,75,2009-04-02,CLE,@,WAS,L,1,38:20,11.0,18.0,0.61,4,8,0.5,5.0,7.0,0.71,1.0,8.0,9,6,0.0,0.0,6,1,31.0,22.9,Lebron James,Regular Season
2032,76,2009-04-03,CLE,@,ORL,L,1,32:00,7.0,20.0,0.35,2,5,0.4,10.0,10.0,1.0,1.0,8.0,9,5,1.0,0.0,2,1,26.0,20.0,Lebron James,Regular Season
2035,79,2009-04-10,CLE,@,PHI,W,1,36:34,8.0,17.0,0.47,1,4,0.25,10.0,12.0,0.83,0.0,2.0,2,10,0.0,1.0,1,4,27.0,23.2,Lebron James,Regular Season
2037,81,2009-04-13,CLE,@,IND,W,1,38:42,12.0,23.0,0.52,2,7,0.29,11.0,14.0,0.79,0.0,5.0,5,5,1.0,0.0,5,1,37.0,25.1,Lebron James,Regular Season
2039,2,2009-10-28,CLE,@,TOR,L,1,39:47,7.0,19.0,0.37,1,5,0.2,8.0,14.0,0.57,2.0,9.0,11,12,2.0,0.0,4,1,23.0,20.2,Lebron James,Regular Season
2040,3,2009-10-30,CLE,@,MIN,W,1,33:26,10.0,18.0,0.56,2,3,0.67,2.0,3.0,0.67,2.0,7.0,9,6,1.0,1.0,2,1,24.0,22.0,Lebron James,Regular Season
2044,7,2009-11-06,CLE,@,NYK,W,1,35:37,12.0,17.0,0.71,2,4,0.5,7.0,9.0,0.78,0.0,8.0,8,9,3.0,0.0,7,3,33.0,28.6,Lebron James,Regular Season
2045,8,2009-11-11,CLE,@,ORL,W,1,39:07,13.0,23.0,0.57,2,3,0.67,8.0,9.0,0.89,2.0,6.0,8,4,1.0,0.0,4,2,36.0,26.9,Lebron James,Regular Season
2046,9,2009-11-12,CLE,@,MIA,W,1,38:53,8.0,20.0,0.4,2,4,0.5,16.0,18.0,0.89,1.0,3.0,4,7,2.0,1.0,2,2,34.0,28.8,Lebron James,Regular Season
2049,12,2009-11-18,CLE,@,WAS,L,1,35:08,12.0,20.0,0.6,3,7,0.43,7.0,8.0,0.88,0.0,2.0,2,9,2.0,0.0,6,4,34.0,25.7,Lebron James,Regular Season
2050,13,2009-11-20,CLE,@,IND,W,1,37:53,13.0,25.0,0.52,1,3,0.33,13.0,14.0,0.93,2.0,7.0,9,7,1.0,1.0,2,1,40.0,35.0,Lebron James,Regular Season
2052,15,2009-11-25,CLE,@,DET,W,1,38:49,12.0,24.0,0.5,1,4,0.25,9.0,11.0,0.82,1.0,7.0,8,7,1.0,0.0,5,2,34.0,24.1,Lebron James,Regular Season
2053,16,2009-11-27,CLE,@,CHA,L,1,38:01,10.0,19.0,0.53,2,7,0.29,3.0,4.0,0.75,0.0,6.0,6,4,0.0,0.0,6,4,25.0,12.3,Lebron James,Regular Season
2058,21,2009-12-08,CLE,@,MEM,L,1,44:47,14.0,29.0,0.48,4,11,0.36,11.0,12.0,0.92,4.0,9.0,13,6,0.0,1.0,5,2,43.0,32.5,Lebron James,Regular Season
2059,22,2009-12-09,CLE,@,HOU,L,1,39:40,8.0,21.0,0.38,2,4,0.5,9.0,10.0,0.9,1.0,5.0,6,7,1.0,1.0,5,2,27.0,18.1,Lebron James,Regular Season
2061,24,2009-12-13,CLE,@,OKC,W,1,38:35,16.0,29.0,0.55,5,8,0.62,7.0,10.0,0.7,0.0,7.0,7,6,4.0,1.0,1,1,44.0,38.5,Lebron James,Regular Season
2063,26,2009-12-16,CLE,@,PHI,W,1,40:17,12.0,26.0,0.46,3,6,0.5,9.0,11.0,0.82,1.0,5.0,6,7,3.0,1.0,3,2,36.0,28.8,Lebron James,Regular Season
2065,28,2009-12-20,CLE,@,DAL,L,1,43:05,9.0,23.0,0.39,2,6,0.33,5.0,7.0,0.71,0.0,3.0,3,6,2.0,2.0,2,3,25.0,17.0,Lebron James,Regular Season
2066,29,2009-12-21,CLE,@,PHO,W,1,38:26,11.0,21.0,0.52,1,3,0.33,6.0,6.0,1.0,1.0,5.0,6,4,2.0,0.0,3,3,29.0,21.5,Lebron James,Regular Season
2067,30,2009-12-23,CLE,@,SAC,W,1,43:41,14.0,30.0,0.47,1,4,0.25,5.0,7.0,0.71,4.0,12.0,16,10,0.0,0.0,2,1,34.0,28.8,Lebron James,Regular Season
2068,31,2009-12-25,CLE,@,LAL,W,1,40:44,9.0,19.0,0.47,2,7,0.29,6.0,11.0,0.55,0.0,4.0,4,9,2.0,1.0,7,3,26.0,16.3,Lebron James,Regular Season
2070,33,2009-12-29,CLE,@,ATL,W,1,39:36,6.0,20.0,0.3,0,5,0.0,2.0,3.0,0.67,1.0,7.0,8,10,5.0,1.0,4,2,14.0,12.7,Lebron James,Regular Season
2072,35,2010-01-02,CLE,@,NJN,W,1,36:27,7.0,16.0,0.44,1,4,0.25,13.0,15.0,0.87,1.0,8.0,9,7,1.0,2.0,1,0,28.0,28.2,Lebron James,Regular Season
2075,38,2010-01-08,CLE,@,DEN,L,1,41:18,12.0,28.0,0.43,2,8,0.25,9.0,13.0,0.69,2.0,4.0,6,7,1.0,0.0,8,1,35.0,18.7,Lebron James,Regular Season
2076,39,2010-01-10,CLE,@,POR,W,1,45:16,13.0,19.0,0.68,3,4,0.75,12.0,14.0,0.86,0.0,10.0,10,8,0.0,1.0,3,1,41.0,38.0,Lebron James,Regular Season
2077,40,2010-01-11,CLE,@,GSW,W,1,41:37,12.0,23.0,0.52,1,4,0.25,12.0,14.0,0.86,1.0,7.0,8,11,2.0,4.0,2,1,37.0,37.8,Lebron James,Regular Season
2078,41,2010-01-14,CLE,@,UTA,L,1,40:25,12.0,20.0,0.6,4,6,0.67,8.0,12.0,0.67,1.0,8.0,9,6,5.0,1.0,5,1,36.0,32.8,Lebron James,Regular Season
2079,42,2010-01-16,CLE,@,LAC,W,1,38:54,12.0,20.0,0.6,3,6,0.5,5.0,7.0,0.71,2.0,2.0,4,4,2.0,1.0,5,3,32.0,23.3,Lebron James,Regular Season
2083,46,2010-01-25,CLE,@,MIA,W,1,38:31,9.0,23.0,0.39,2,9,0.22,12.0,17.0,0.71,0.0,9.0,9,4,1.0,0.0,4,3,32.0,18.8,Lebron James,Regular Season
2085,48,2010-01-29,CLE,@,IND,W,1,35:39,6.0,18.0,0.33,0,4,0.0,10.0,17.0,0.59,0.0,9.0,9,13,2.0,4.0,5,2,22.0,19.8,Lebron James,Regular Season
2093,56,2010-02-19,CLE,@,CHA,L,1,35:30,6.0,14.0,0.43,2,6,0.33,8.0,10.0,0.8,1.0,2.0,3,9,4.0,0.0,2,2,22.0,22.6,Lebron James,Regular Season
2094,57,2010-02-21,CLE,@,ORL,L,1,39:23,12.0,25.0,0.48,1,6,0.17,8.0,12.0,0.67,0.0,9.0,9,6,2.0,1.0,5,0,33.0,23.3,Lebron James,Regular Season
2096,59,2010-02-25,CLE,@,BOS,W,1,35:57,11.0,23.0,0.48,3,6,0.5,11.0,15.0,0.73,1.0,6.0,7,9,0.0,0.0,2,2,36.0,28.7,Lebron James,Regular Season
2097,60,2010-02-26,CLE,@,TOR,W,1,44:24,10.0,17.0,0.59,1,4,0.25,15.0,16.0,0.94,0.0,6.0,6,9,2.0,0.0,1,2,36.0,36.0,Lebron James,Regular Season
2099,62,2010-03-03,CLE,@,NJN,W,1,40:41,10.0,18.0,0.56,0,4,0.0,6.0,7.0,0.86,2.0,5.0,7,14,3.0,1.0,3,1,26.0,30.0,Lebron James,Regular Season
2101,64,2010-03-12,CLE,@,PHI,W,1,42:06,7.0,18.0,0.39,3,10,0.3,6.0,12.0,0.5,0.0,6.0,6,10,1.0,3.0,1,2,23.0,20.9,Lebron James,Regular Season
2103,66,2010-03-16,CLE,@,DET,W,1,43:07,10.0,22.0,0.45,1,3,0.33,8.0,11.0,0.73,2.0,10.0,12,12,1.0,1.0,4,0,29.0,26.9,Lebron James,Regular Season
2105,68,2010-03-19,CLE,@,CHI,W,1,37:31,9.0,21.0,0.43,0,3,0.0,11.0,12.0,0.92,1.0,10.0,11,7,2.0,2.0,5,1,29.0,24.1,Lebron James,Regular Season
2107,70,2010-03-24,CLE,@,NOH,W,1,40:45,15.0,22.0,0.68,1,5,0.2,7.0,8.0,0.88,2.0,4.0,6,9,1.0,0.0,3,2,38.0,34.3,Lebron James,Regular Season
2108,71,2010-03-26,CLE,@,SAS,L,1,39:18,11.0,21.0,0.52,1,6,0.17,4.0,7.0,0.57,0.0,5.0,5,10,2.0,0.0,5,2,27.0,20.2,Lebron James,Regular Season
2112,75,2010-04-04,CLE,@,BOS,L,1,44:32,14.0,31.0,0.45,0,9,0.0,14.0,22.0,0.64,1.0,6.0,7,9,1.0,1.0,3,0,42.0,30.2,Lebron James,Regular Season
2114,1,2010-10-26,MIA,@,BOS,L,1,42:39,10.0,21.0,0.48,3,6,0.5,8.0,12.0,0.67,0.0,4.0,4,3,1.0,2.0,8,1,31.0,16.0,Lebron James,Regular Season
2115,2,2010-10-27,MIA,@,PHI,W,1,37:33,5.0,12.0,0.42,0,2,0.0,6.0,6.0,1.0,0.0,6.0,6,7,2.0,1.0,9,1,16.0,9.6,Lebron James,Regular Season
2117,4,2010-10-31,MIA,@,NJN,W,1,28:57,5.0,12.0,0.42,0,4,0.0,10.0,12.0,0.83,0.0,7.0,7,7,2.0,0.0,5,3,20.0,15.6,Lebron James,Regular Season
2119,6,2010-11-05,MIA,@,NOH,L,1,41:12,6.0,16.0,0.38,1,2,0.5,7.0,8.0,0.88,0.0,7.0,7,10,3.0,1.0,3,0,20.0,20.6,Lebron James,Regular Season
2126,13,2010-11-20,MIA,@,MEM,L,1,42:06,11.0,23.0,0.48,2,4,0.5,5.0,6.0,0.83,0.0,3.0,3,11,1.0,0.0,4,2,29.0,21.7,Lebron James,Regular Season
2128,15,2010-11-24,MIA,@,ORL,L,1,40:44,9.0,18.0,0.5,1,3,0.33,6.0,8.0,0.75,1.0,5.0,6,4,1.0,0.0,3,3,25.0,17.0,Lebron James,Regular Season
2130,17,2010-11-27,MIA,@,DAL,L,1,36:04,5.0,19.0,0.26,0,4,0.0,13.0,15.0,0.87,2.0,6.0,8,4,1.0,0.0,5,3,23.0,11.7,Lebron James,Regular Season
2133,20,2010-12-02,MIA,@,CLE,W,1,30:02,15.0,25.0,0.6,2,7,0.29,6.0,9.0,0.67,0.0,5.0,5,8,1.0,1.0,0,1,38.0,33.7,Lebron James,Regular Season
2135,22,2010-12-06,MIA,@,MIL,W,1,38:41,7.0,16.0,0.44,1,3,0.33,2.0,4.0,0.5,0.0,6.0,6,6,1.0,1.0,1,5,17.0,12.5,Lebron James,Regular Season
2136,23,2010-12-08,MIA,@,UTA,W,1,39:26,12.0,20.0,0.6,3,5,0.6,6.0,7.0,0.86,1.0,6.0,7,9,0.0,0.0,2,4,33.0,28.6,Lebron James,Regular Season
2137,24,2010-12-10,MIA,@,GSW,W,1,30:43,10.0,18.0,0.56,3,4,0.75,2.0,3.0,0.67,0.0,7.0,7,9,1.0,1.0,4,1,25.0,21.7,Lebron James,Regular Season
2138,25,2010-12-11,MIA,@,SAC,W,1,35:11,10.0,19.0,0.53,2,3,0.67,3.0,5.0,0.6,1.0,9.0,10,3,2.0,0.0,3,1,25.0,19.0,Lebron James,Regular Season
2141,28,2010-12-17,MIA,@,NYK,W,1,38:13,14.0,23.0,0.61,3,6,0.5,1.0,3.0,0.33,1.0,10.0,11,10,1.0,0.0,5,1,32.0,27.0,Lebron James,Regular Season
2142,29,2010-12-18,MIA,@,WAS,W,1,40:31,9.0,19.0,0.47,3,7,0.43,11.0,12.0,0.92,1.0,6.0,7,6,1.0,0.0,4,3,32.0,24.4,Lebron James,Regular Season
2144,31,2010-12-23,MIA,@,PHO,W,1,37:23,13.0,22.0,0.59,2,5,0.4,8.0,8.0,1.0,1.0,5.0,6,4,3.0,0.0,5,5,36.0,26.8,Lebron James,Regular Season
2145,32,2010-12-25,MIA,@,LAL,W,1,38:11,8.0,14.0,0.57,5,6,0.83,6.0,6.0,1.0,1.0,10.0,11,10,4.0,0.0,1,2,27.0,33.3,Lebron James,Regular Season
2147,34,2010-12-29,MIA,@,HOU,W,1,39:09,8.0,15.0,0.53,0,4,0.0,4.0,4.0,1.0,0.0,6.0,6,9,1.0,0.0,3,3,20.0,17.6,Lebron James,Regular Season
2149,36,2011-01-03,MIA,@,CHA,W,1,36:34,15.0,26.0,0.58,2,4,0.5,6.0,6.0,1.0,0.0,9.0,9,5,1.0,0.0,3,3,38.0,28.8,Lebron James,Regular Season
2151,38,2011-01-07,MIA,@,MIL,W,1,45:16,8.0,23.0,0.35,1,4,0.25,9.0,11.0,0.82,1.0,9.0,10,5,6.0,1.0,5,2,26.0,20.1,Lebron James,Regular Season
2152,39,2011-01-09,MIA,@,POR,W,1,46:11,17.0,26.0,0.65,3,5,0.6,7.0,10.0,0.7,3.0,10.0,13,6,2.0,0.0,6,4,44.0,35.1,Lebron James,Regular Season
2153,40,2011-01-12,MIA,@,LAC,L,1,39:44,11.0,24.0,0.46,3,6,0.5,2.0,5.0,0.4,2.0,6.0,8,6,0.0,0.0,3,1,27.0,17.4,Lebron James,Regular Season
2156,43,2011-01-27,MIA,@,NYK,L,1,42:32,7.0,24.0,0.29,0,2,0.0,10.0,12.0,0.83,2.0,9.0,11,5,2.0,2.0,4,3,24.0,15.0,Lebron James,Regular Season
2158,45,2011-01-30,MIA,@,OKC,W,1,40:13,7.0,14.0,0.5,2,5,0.4,7.0,11.0,0.64,0.0,4.0,4,13,4.0,3.0,4,3,23.0,25.6,Lebron James,Regular Season
2160,47,2011-02-03,MIA,@,ORL,W,1,42:39,17.0,25.0,0.68,3,5,0.6,14.0,17.0,0.82,2.0,9.0,11,8,1.0,1.0,3,2,51.0,46.7,Lebron James,Regular Season
2161,48,2011-02-04,MIA,@,CHA,W,1,36:39,7.0,13.0,0.54,0,3,0.0,5.0,6.0,0.83,1.0,7.0,8,9,0.0,0.0,3,3,19.0,17.2,Lebron James,Regular Season
2164,51,2011-02-11,MIA,@,DET,W,1,34:43,7.0,17.0,0.41,0,2,0.0,2.0,3.0,0.67,0.0,8.0,8,10,4.0,0.0,3,0,16.0,16.9,Lebron James,Regular Season
2165,52,2011-02-13,MIA,@,BOS,L,1,43:28,10.0,21.0,0.48,0,2,0.0,2.0,3.0,0.67,1.0,6.0,7,7,1.0,0.0,4,2,22.0,14.5,Lebron James,Regular Season
2166,53,2011-02-15,MIA,@,IND,W,1,40:55,11.0,20.0,0.55,1,3,0.33,4.0,6.0,0.67,1.0,5.0,6,5,2.0,2.0,5,1,27.0,20.3,Lebron James,Regular Season
2167,54,2011-02-16,MIA,@,TOR,W,1,37:38,8.0,18.0,0.44,0,2,0.0,7.0,10.0,0.7,3.0,10.0,13,8,0.0,0.0,5,1,23.0,17.7,Lebron James,Regular Season
2169,56,2011-02-24,MIA,@,CHI,L,1,41:26,12.0,21.0,0.57,0,4,0.0,5.0,6.0,0.83,0.0,10.0,10,5,2.0,1.0,2,1,29.0,25.5,Lebron James,Regular Season
2173,60,2011-03-04,MIA,@,SAS,L,1,36:08,11.0,19.0,0.58,1,3,0.33,3.0,7.0,0.43,3.0,5.0,8,7,1.0,0.0,4,2,26.0,20.2,Lebron James,Regular Season
2180,67,2011-03-18,MIA,@,ATL,W,1,30:54,16.0,21.0,0.76,5,7,0.71,6.0,7.0,0.86,0.0,2.0,2,3,0.0,0.0,4,2,43.0,32.2,Lebron James,Regular Season
2182,69,2011-03-23,MIA,@,DET,W,1,42:05,8.0,16.0,0.5,0,3,0.0,3.0,4.0,0.75,3.0,5.0,8,7,0.0,0.0,3,3,19.0,14.9,Lebron James,Regular Season
2185,72,2011-03-29,MIA,@,CLE,L,1,43:17,10.0,21.0,0.48,1,5,0.2,6.0,10.0,0.6,0.0,10.0,10,12,0.0,0.0,3,3,27.0,21.9,Lebron James,Regular Season
2186,73,2011-03-30,MIA,@,WAS,W,1,43:49,12.0,16.0,0.75,1,3,0.33,10.0,13.0,0.77,1.0,7.0,8,8,5.0,0.0,5,3,35.0,34.6,Lebron James,Regular Season
2187,74,2011-04-01,MIA,@,MIN,W,1,42:53,11.0,20.0,0.55,0,1,0.0,5.0,7.0,0.71,2.0,4.0,6,10,3.0,1.0,3,2,27.0,26.1,Lebron James,Regular Season
2188,75,2011-04-03,MIA,@,NJN,W,1,38:55,13.0,18.0,0.72,0,2,0.0,5.0,8.0,0.62,2.0,9.0,11,7,3.0,0.0,7,2,31.0,26.6,Lebron James,Regular Season
2192,79,2011-04-11,MIA,@,ATL,W,1,42:39,10.0,21.0,0.48,2,4,0.5,12.0,14.0,0.86,1.0,9.0,10,7,3.0,0.0,7,1,34.0,26.4,Lebron James,Regular Season
2196,4,2011-12-30,MIA,@,MIN,W,1,37:13,16.0,26.0,0.62,0,1,0.0,2.0,4.0,0.5,1.0,7.0,8,10,4.0,1.0,4,2,34.0,31.1,Lebron James,Regular Season
2200,8,2012-01-07,MIA,@,NJN,W,1,37:23,11.0,17.0,0.65,0,1,0.0,10.0,12.0,0.83,0.0,7.0,7,9,2.0,1.0,8,2,32.0,26.0,Lebron James,Regular Season
2201,9,2012-01-10,MIA,@,GSW,L,1,42:33,10.0,19.0,0.53,0,2,0.0,6.0,8.0,0.75,1.0,10.0,11,7,2.0,0.0,5,1,26.0,21.1,Lebron James,Regular Season
2202,10,2012-01-11,MIA,@,LAC,L,1,41:53,7.0,19.0,0.37,0,1,0.0,9.0,17.0,0.53,2.0,11.0,13,7,2.0,0.0,6,5,23.0,12.9,Lebron James,Regular Season
2203,11,2012-01-13,MIA,@,DEN,L,1,37:11,13.0,20.0,0.65,3,5,0.6,6.0,11.0,0.55,1.0,4.0,5,6,2.0,1.0,4,0,35.0,29.0,Lebron James,Regular Season
2209,17,2012-01-25,MIA,@,DET,W,1,41:39,9.0,20.0,0.45,1,3,0.33,13.0,14.0,0.93,1.0,5.0,6,7,2.0,0.0,4,3,32.0,25.1,Lebron James,Regular Season
2213,21,2012-02-01,MIA,@,MIL,L,1,40:17,14.0,24.0,0.58,4,7,0.57,8.0,10.0,0.8,0.0,8.0,8,5,2.0,0.0,7,1,40.0,28.5,Lebron James,Regular Season
2214,22,2012-02-03,MIA,@,PHI,W,1,37:13,8.0,16.0,0.5,0,1,0.0,3.0,6.0,0.5,1.0,11.0,12,8,0.0,2.0,2,2,19.0,18.0,Lebron James,Regular Season
2217,25,2012-02-08,MIA,@,ORL,L,1,39:15,5.0,15.0,0.33,0,2,0.0,7.0,10.0,0.7,0.0,6.0,6,10,3.0,0.0,3,0,17.0,16.1,Lebron James,Regular Season
2218,26,2012-02-10,MIA,@,WAS,W,1,33:17,6.0,14.0,0.43,0,2,0.0,6.0,7.0,0.86,0.0,2.0,2,9,0.0,2.0,1,1,18.0,17.1,Lebron James,Regular Season
2219,27,2012-02-12,MIA,@,ATL,W,1,30:26,6.0,15.0,0.4,1,3,0.33,10.0,12.0,0.83,3.0,10.0,13,6,1.0,0.0,2,1,23.0,22.0,Lebron James,Regular Season
2221,29,2012-02-14,MIA,@,IND,W,1,33:24,7.0,15.0,0.47,2,5,0.4,7.0,8.0,0.88,2.0,7.0,9,7,4.0,0.0,2,2,23.0,24.5,Lebron James,Regular Season
2222,30,2012-02-17,MIA,@,CLE,W,1,30:08,11.0,19.0,0.58,3,5,0.6,3.0,3.0,1.0,2.0,3.0,5,5,1.0,1.0,2,2,28.0,23.8,Lebron James,Regular Season
2226,34,2012-03-01,MIA,@,POR,W,1,41:02,13.0,22.0,0.59,2,2,1.0,10.0,12.0,0.83,2.0,9.0,11,6,5.0,1.0,0,1,38.0,40.6,Lebron James,Regular Season
2227,35,2012-03-02,MIA,@,UTA,L,1,44:24,16.0,24.0,0.67,1,4,0.25,2.0,3.0,0.67,1.0,9.0,10,6,0.0,3.0,0,2,35.0,33.1,Lebron James,Regular Season
2228,36,2012-03-04,MIA,@,LAL,L,1,43:02,12.0,26.0,0.46,0,4,0.0,1.0,3.0,0.33,7.0,6.0,13,7,3.0,2.0,3,1,25.0,23.4,Lebron James,Regular Season
2232,40,2012-03-13,MIA,@,ORL,L,1,42:25,7.0,20.0,0.35,2,4,0.5,3.0,3.0,1.0,3.0,8.0,11,8,1.0,1.0,6,0,19.0,13.6,Lebron James,Regular Season
2233,41,2012-03-14,MIA,@,CHI,L,1,39:38,14.0,25.0,0.56,2,3,0.67,5.0,5.0,1.0,1.0,4.0,5,4,4.0,0.0,2,2,35.0,29.0,Lebron James,Regular Season
2234,42,2012-03-16,MIA,@,PHI,W,1,38:15,12.0,20.0,0.6,0,2,0.0,5.0,8.0,0.62,2.0,5.0,7,8,2.0,2.0,1,0,29.0,29.5,Lebron James,Regular Season
2237,45,2012-03-23,MIA,@,DET,W,1,37:26,6.0,15.0,0.4,0,3,0.0,5.0,5.0,1.0,0.0,6.0,6,10,4.0,1.0,5,0,17.0,17.4,Lebron James,Regular Season
2238,46,2012-03-25,MIA,@,OKC,L,1,39:36,8.0,18.0,0.44,0,3,0.0,1.0,1.0,1.0,0.0,3.0,3,7,2.0,0.0,4,2,17.0,10.6,Lebron James,Regular Season
2239,47,2012-03-26,MIA,@,IND,L,1,40:49,9.0,21.0,0.43,2,4,0.5,4.0,6.0,0.67,2.0,7.0,9,2,1.0,0.0,6,1,24.0,11.6,Lebron James,Regular Season
2241,49,2012-03-30,MIA,@,TOR,W,1,38:31,11.0,18.0,0.61,0,2,0.0,4.0,6.0,0.67,1.0,3.0,4,9,1.0,0.0,3,0,26.0,22.9,Lebron James,Regular Season
2248,56,2012-04-12,MIA,@,CHI,L,1,47:18,11.0,24.0,0.46,3,6,0.5,5.0,7.0,0.71,1.0,5.0,6,5,1.0,1.0,4,1,30.0,19.8,Lebron James,Regular Season
2250,58,2012-04-15,MIA,@,NYK,W,1,40:15,11.0,24.0,0.46,1,6,0.17,6.0,9.0,0.67,2.0,8.0,10,3,2.0,0.0,6,4,29.0,15.7,Lebron James,Regular Season
2251,59,2012-04-16,MIA,@,NJN,W,1,35:12,11.0,19.0,0.58,1,2,0.5,14.0,15.0,0.93,1.0,5.0,6,7,2.0,1.0,4,2,37.0,32.7,Lebron James,Regular Season
2256,2,2012-11-02,MIA,@,NYK,L,1,36:41,8.0,16.0,0.5,2,3,0.67,5.0,6.0,0.83,0.0,7.0,7,5,0.0,3.0,5,2,23.0,16.5,Lebron James,Regular Season
2260,6,2012-11-09,MIA,@,ATL,W,1,35:40,10.0,17.0,0.59,0,2,0.0,1.0,3.0,0.33,2.0,9.0,11,9,1.0,0.0,2,2,21.0,20.9,Lebron James,Regular Season
2261,7,2012-11-11,MIA,@,MEM,L,1,35:43,10.0,19.0,0.53,0,1,0.0,0.0,4.0,0.0,3.0,7.0,10,6,2.0,1.0,2,2,20.0,17.4,Lebron James,Regular Season
2262,8,2012-11-12,MIA,@,HOU,W,1,39:55,14.0,26.0,0.54,5,8,0.62,5.0,8.0,0.62,1.0,9.0,10,6,0.0,0.0,0,1,38.0,31.4,Lebron James,Regular Season
2263,9,2012-11-14,MIA,@,LAC,L,1,41:13,12.0,23.0,0.52,0,3,0.0,6.0,9.0,0.67,0.0,5.0,5,7,1.0,2.0,4,3,30.0,21.1,Lebron James,Regular Season
2264,10,2012-11-15,MIA,@,DEN,W,1,41:57,11.0,23.0,0.48,0,1,0.0,5.0,6.0,0.83,1.0,6.0,7,12,1.0,3.0,4,0,27.0,24.9,Lebron James,Regular Season
2265,11,2012-11-17,MIA,@,PHO,W,1,40:43,8.0,20.0,0.4,1,3,0.33,4.0,7.0,0.57,0.0,7.0,7,3,2.0,0.0,1,1,21.0,13.8,Lebron James,Regular Season
2270,16,2012-12-04,MIA,@,WAS,L,1,42:53,12.0,24.0,0.5,1,4,0.25,1.0,3.0,0.33,2.0,11.0,13,11,3.0,2.0,3,1,26.0,26.6,Lebron James,Regular Season
2277,23,2012-12-20,MIA,@,DAL,W,1,30:55,9.0,13.0,0.69,3,5,0.6,3.0,4.0,0.75,0.0,9.0,9,5,1.0,1.0,5,0,24.0,21.0,Lebron James,Regular Season
2280,26,2012-12-26,MIA,@,CHA,W,1,38:35,9.0,19.0,0.47,2,4,0.5,7.0,8.0,0.88,2.0,10.0,12,8,4.0,2.0,3,1,27.0,28.9,Lebron James,Regular Season
2281,27,2012-12-28,MIA,@,DET,L,1,44:19,15.0,22.0,0.68,2,4,0.5,3.0,4.0,0.75,1.0,5.0,6,5,6.0,1.0,3,1,35.0,34.2,Lebron James,Regular Season
2282,28,2012-12-29,MIA,@,MIL,L,1,36:29,11.0,20.0,0.55,1,2,0.5,3.0,5.0,0.6,1.0,5.0,6,7,2.0,1.0,6,2,26.0,18.6,Lebron James,Regular Season
2283,29,2012-12-31,MIA,@,ORL,W,1,47:53,10.0,22.0,0.45,1,6,0.17,15.0,16.0,0.94,1.0,7.0,8,11,1.0,0.0,3,2,36.0,31.9,Lebron James,Regular Season
2287,33,2013-01-08,MIA,@,IND,L,1,42:36,10.0,20.0,0.5,1,1,1.0,1.0,4.0,0.25,3.0,7.0,10,4,1.0,2.0,7,2,22.0,12.4,Lebron James,Regular Season
2288,34,2013-01-10,MIA,@,POR,L,1,42:39,6.0,16.0,0.38,1,5,0.2,2.0,5.0,0.4,0.0,10.0,10,9,2.0,1.0,4,3,15.0,11.8,Lebron James,Regular Season
2289,35,2013-01-12,MIA,@,SAC,W,1,29:08,7.0,10.0,0.7,0,1,0.0,6.0,7.0,0.86,1.0,4.0,5,7,5.0,2.0,1,0,20.0,27.6,Lebron James,Regular Season
2290,36,2013-01-14,MIA,@,UTA,L,1,43:41,13.0,19.0,0.68,2,4,0.5,4.0,4.0,1.0,1.0,3.0,4,6,3.0,2.0,3,5,32.0,29.1,Lebron James,Regular Season
2291,37,2013-01-16,MIA,@,GSW,W,1,30:32,11.0,20.0,0.55,1,5,0.2,2.0,3.0,0.67,1.0,6.0,7,10,1.0,0.0,1,2,25.0,23.7,Lebron James,Regular Season
2292,38,2013-01-17,MIA,@,LAL,W,1,42:04,17.0,25.0,0.68,1,2,0.5,4.0,4.0,1.0,0.0,7.0,7,8,3.0,1.0,2,2,39.0,36.9,Lebron James,Regular Season
2295,41,2013-01-27,MIA,@,BOS,L,1,51:56,14.0,31.0,0.45,3,6,0.5,3.0,5.0,0.6,4.0,12.0,16,7,3.0,1.0,3,3,34.0,27.9,Lebron James,Regular Season
2296,42,2013-01-30,MIA,@,BRK,W,1,34:17,10.0,18.0,0.56,3,4,0.75,1.0,4.0,0.25,2.0,7.0,9,7,2.0,0.0,4,2,24.0,19.8,Lebron James,Regular Season
2297,43,2013-02-01,MIA,@,IND,L,1,41:58,9.0,17.0,0.53,1,3,0.33,9.0,11.0,0.82,1.0,5.0,6,3,1.0,1.0,3,4,28.0,20.3,Lebron James,Regular Season
2298,44,2013-02-03,MIA,@,TOR,W,1,39:44,10.0,16.0,0.62,1,2,0.5,9.0,11.0,0.82,0.0,8.0,8,7,2.0,0.0,3,1,30.0,27.9,Lebron James,Regular Season
2304,50,2013-02-14,MIA,@,OKC,W,1,40:02,14.0,24.0,0.58,4,8,0.5,7.0,9.0,0.78,3.0,9.0,12,7,2.0,0.0,4,3,39.0,33.5,Lebron James,Regular Season
2305,51,2013-02-20,MIA,@,ATL,W,1,39:31,8.0,15.0,0.53,1,4,0.25,7.0,8.0,0.88,0.0,6.0,6,11,4.0,0.0,2,1,24.0,27.4,Lebron James,Regular Season
2306,52,2013-02-21,MIA,@,CHI,W,1,34:29,11.0,15.0,0.73,1,4,0.25,3.0,3.0,1.0,1.0,11.0,12,7,2.0,0.0,4,2,26.0,26.0,Lebron James,Regular Season
2307,53,2013-02-23,MIA,@,PHI,W,1,31:30,7.0,12.0,0.58,1,4,0.25,1.0,2.0,0.5,1.0,9.0,10,11,2.0,0.0,2,1,16.0,20.7,Lebron James,Regular Season
2311,57,2013-03-03,MIA,@,NYK,W,1,42:50,12.0,23.0,0.52,2,6,0.33,3.0,6.0,0.5,3.0,8.0,11,7,3.0,1.0,2,1,29.0,27.2,Lebron James,Regular Season
2312,58,2013-03-04,MIA,@,MIN,W,1,34:53,9.0,16.0,0.56,1,4,0.25,1.0,1.0,1.0,1.0,9.0,10,4,3.0,2.0,7,3,20.0,14.8,Lebron James,Regular Season
2317,63,2013-03-13,MIA,@,PHI,W,1,37:14,8.0,19.0,0.42,1,4,0.25,10.0,12.0,0.83,2.0,5.0,7,8,2.0,1.0,4,1,27.0,22.9,Lebron James,Regular Season
2318,64,2013-03-15,MIA,@,MIL,W,1,38:14,12.0,24.0,0.5,0,2,0.0,4.0,5.0,0.8,1.0,9.0,10,7,0.0,1.0,2,1,28.0,22.2,Lebron James,Regular Season
2319,65,2013-03-17,MIA,@,TOR,W,1,33:50,6.0,12.0,0.5,2,6,0.33,8.0,11.0,0.73,1.0,11.0,12,8,2.0,0.0,3,1,22.0,23.0,Lebron James,Regular Season
2320,66,2013-03-18,MIA,@,BOS,W,1,42:15,16.0,29.0,0.55,1,4,0.25,4.0,6.0,0.67,1.0,6.0,7,12,2.0,2.0,5,3,37.0,30.4,Lebron James,Regular Season
2321,67,2013-03-20,MIA,@,CLE,W,1,42:19,8.0,22.0,0.36,3,7,0.43,6.0,8.0,0.75,7.0,5.0,12,10,3.0,2.0,4,1,25.0,25.4,Lebron James,Regular Season
2325,71,2013-03-27,MIA,@,CHI,L,1,39:56,11.0,17.0,0.65,2,5,0.4,8.0,11.0,0.73,0.0,7.0,7,3,2.0,4.0,4,1,32.0,27.9,Lebron James,Regular Season
2326,72,2013-03-29,MIA,@,NOH,W,1,32:13,13.0,20.0,0.65,7,10,0.7,3.0,5.0,0.6,0.0,4.0,4,6,2.0,0.0,3,0,36.0,30.8,Lebron James,Regular Season
2332,2,2013-10-30,MIA,@,PHI,L,1,36:38,9.0,17.0,0.53,4,7,0.57,3.0,4.0,0.75,0.0,4.0,4,13,0.0,0.0,4,3,25.0,21.4,Lebron James,Regular Season
2333,3,2013-11-01,MIA,@,BRK,L,1,42:14,11.0,19.0,0.58,1,2,0.5,3.0,5.0,0.6,1.0,6.0,7,6,2.0,1.0,5,2,26.0,19.9,Lebron James,Regular Season
2335,5,2013-11-05,MIA,@,TOR,W,1,36:01,13.0,20.0,0.65,1,3,0.33,8.0,8.0,1.0,2.0,6.0,8,8,0.0,1.0,1,2,35.0,33.9,Lebron James,Regular Season
2342,12,2013-11-20,MIA,@,ORL,W,1,29:05,5.0,11.0,0.45,0,2,0.0,11.0,11.0,1.0,1.0,5.0,6,7,1.0,1.0,4,0,21.0,20.1,Lebron James,Regular Season
2345,15,2013-11-27,MIA,@,CLE,W,1,37:06,9.0,19.0,0.47,1,3,0.33,9.0,11.0,0.82,0.0,8.0,8,8,3.0,0.0,1,3,28.0,26.3,Lebron James,Regular Season
2346,16,2013-11-29,MIA,@,TOR,W,1,36:27,10.0,17.0,0.59,3,5,0.6,4.0,6.0,0.67,1.0,5.0,6,3,1.0,1.0,3,2,27.0,20.5,Lebron James,Regular Season
2349,19,2013-12-05,MIA,@,CHI,L,1,33:18,7.0,17.0,0.41,1,4,0.25,6.0,8.0,0.75,0.0,5.0,5,2,3.0,0.0,1,2,21.0,15.2,Lebron James,Regular Season
2351,21,2013-12-08,MIA,@,DET,W,1,35:01,10.0,15.0,0.67,0,2,0.0,4.0,5.0,0.8,1.0,6.0,7,9,2.0,0.0,6,2,24.0,21.1,Lebron James,Regular Season
2352,22,2013-12-10,MIA,@,IND,L,1,38:32,6.0,16.0,0.38,1,4,0.25,4.0,6.0,0.67,1.0,13.0,14,6,2.0,0.0,5,3,17.0,12.0,Lebron James,Regular Season
2358,28,2013-12-25,MIA,@,LAL,W,1,35:48,7.0,14.0,0.5,0,4,0.0,5.0,9.0,0.56,0.0,8.0,8,4,0.0,0.0,2,2,19.0,12.8,Lebron James,Regular Season
2359,29,2013-12-27,MIA,@,SAC,L,1,43:43,12.0,23.0,0.52,4,9,0.44,5.0,6.0,0.83,0.0,8.0,8,8,0.0,0.0,2,3,33.0,26.1,Lebron James,Regular Season
2360,30,2013-12-30,MIA,@,DEN,W,1,39:44,8.0,15.0,0.53,5,9,0.56,5.0,8.0,0.62,1.0,5.0,6,10,0.0,1.0,4,0,26.0,23.4,Lebron James,Regular Season
2362,32,2014-01-04,MIA,@,ORL,W,1,35:55,5.0,13.0,0.38,0,1,0.0,5.0,8.0,0.62,1.0,7.0,8,8,1.0,0.0,3,1,15.0,12.7,Lebron James,Regular Season
2365,35,2014-01-09,MIA,@,NYK,L,1,41:25,12.0,17.0,0.71,1,4,0.25,7.0,11.0,0.64,0.0,5.0,5,6,1.0,1.0,6,2,32.0,23.9,Lebron James,Regular Season
2366,36,2014-01-10,MIA,@,BRK,L,1,49:22,12.0,21.0,0.57,2,5,0.4,10.0,12.0,0.83,3.0,4.0,7,5,0.0,0.0,4,6,36.0,25.7,Lebron James,Regular Season
2367,37,2014-01-15,MIA,@,WAS,L,1,41:04,8.0,18.0,0.44,0,4,0.0,9.0,10.0,0.9,2.0,6.0,8,7,2.0,0.0,4,1,25.0,20.9,Lebron James,Regular Season
2368,38,2014-01-17,MIA,@,PHI,W,1,36:31,7.0,13.0,0.54,0,1,0.0,7.0,8.0,0.88,1.0,7.0,8,10,2.0,1.0,3,3,21.0,22.6,Lebron James,Regular Season
2369,39,2014-01-18,MIA,@,CHA,W,1,44:52,13.0,25.0,0.52,0,3,0.0,8.0,10.0,0.8,2.0,6.0,8,6,1.0,0.0,2,4,34.0,25.7,Lebron James,Regular Season
2370,40,2014-01-20,MIA,@,ATL,L,1,38:43,11.0,21.0,0.52,3,7,0.43,5.0,8.0,0.62,1.0,3.0,4,6,1.0,0.0,3,1,30.0,21.9,Lebron James,Regular Season
2375,45,2014-02-01,MIA,@,NYK,W,1,39:06,13.0,22.0,0.59,1,3,0.33,3.0,6.0,0.5,1.0,7.0,8,7,6.0,0.0,2,3,30.0,29.1,Lebron James,Regular Season
2377,47,2014-02-05,MIA,@,LAC,W,1,40:47,11.0,20.0,0.55,3,7,0.43,6.0,8.0,0.75,1.0,7.0,8,12,3.0,1.0,7,2,31.0,27.7,Lebron James,Regular Season
2378,48,2014-02-08,MIA,@,UTA,L,1,39:21,4.0,13.0,0.31,1,6,0.17,4.0,6.0,0.67,0.0,7.0,7,5,0.0,0.0,5,2,13.0,4.5,Lebron James,Regular Season
2379,49,2014-02-11,MIA,@,PHO,W,1,40:59,12.0,22.0,0.55,2,5,0.4,11.0,14.0,0.79,1.0,8.0,9,3,5.0,0.0,4,2,37.0,30.6,Lebron James,Regular Season
2380,50,2014-02-12,MIA,@,GSW,W,1,42:16,14.0,26.0,0.54,4,8,0.5,4.0,7.0,0.57,1.0,12.0,13,9,2.0,0.0,2,1,36.0,32.4,Lebron James,Regular Season
2381,51,2014-02-18,MIA,@,DAL,W,1,38:28,16.0,23.0,0.7,4,8,0.5,6.0,8.0,0.75,2.0,7.0,9,6,2.0,0.0,3,2,42.0,37.4,Lebron James,Regular Season
2382,52,2014-02-20,MIA,@,OKC,W,1,33:24,15.0,22.0,0.68,1,5,0.2,2.0,5.0,0.4,1.0,6.0,7,3,4.0,0.0,8,1,33.0,22.6,Lebron James,Regular Season
2386,56,2014-03-04,MIA,@,HOU,L,1,36:38,9.0,18.0,0.5,0,3,0.0,4.0,6.0,0.67,1.0,0.0,1,6,3.0,0.0,1,1,22.0,18.7,Lebron James,Regular Season
2387,57,2014-03-06,MIA,@,SAS,L,1,38:04,6.0,18.0,0.33,0,3,0.0,7.0,9.0,0.78,3.0,5.0,8,7,2.0,0.0,5,5,19.0,11.5,Lebron James,Regular Season
2393,63,2014-03-18,MIA,@,CLE,W,1,41:40,14.0,19.0,0.74,6,8,0.75,9.0,13.0,0.69,0.0,6.0,6,4,2.0,3.0,0,1,43.0,42.0,Lebron James,Regular Season
2395,65,2014-03-22,MIA,@,NOP,L,1,41:59,10.0,18.0,0.56,2,4,0.5,3.0,3.0,1.0,1.0,7.0,8,9,0.0,1.0,3,1,25.0,22.8,Lebron James,Regular Season
2397,67,2014-03-26,MIA,@,IND,L,1,43:24,11.0,19.0,0.58,2,6,0.33,14.0,15.0,0.93,0.0,8.0,8,5,0.0,0.0,6,3,38.0,27.4,Lebron James,Regular Season
2398,68,2014-03-28,MIA,@,DET,W,1,29:46,7.0,13.0,0.54,1,3,0.33,2.0,2.0,1.0,2.0,8.0,10,12,1.0,0.0,1,0,17.0,22.9,Lebron James,Regular Season
2399,69,2014-03-29,MIA,@,MIL,W,1,30:03,5.0,10.0,0.5,1,3,0.33,2.0,4.0,0.5,2.0,5.0,7,2,0.0,0.0,4,1,13.0,7.1,Lebron James,Regular Season
2405,75,2014-04-09,MIA,@,MEM,L,1,41:22,14.0,23.0,0.61,3,5,0.6,6.0,7.0,0.86,1.0,5.0,6,5,2.0,0.0,5,1,37.0,28.4,Lebron James,Regular Season
2407,77,2014-04-12,MIA,@,ATL,L,1,37:21,10.0,22.0,0.45,3,7,0.43,4.0,8.0,0.5,3.0,5.0,8,5,0.0,1.0,3,2,27.0,18.0,Lebron James,Regular Season
2409,2,2014-10-31,CLE,@,CHI,W,1,41:40,14.0,30.0,0.47,1,3,0.33,7.0,9.0,0.78,1.0,7.0,8,5,4.0,1.0,3,1,36.0,27.4,Lebron James,Regular Season
2410,3,2014-11-04,CLE,@,POR,L,1,34:56,4.0,12.0,0.33,2,4,0.5,1.0,1.0,1.0,1.0,6.0,7,7,1.0,0.0,3,2,11.0,8.8,Lebron James,Regular Season
2411,4,2014-11-05,CLE,@,UTA,L,1,42:02,8.0,18.0,0.44,3,5,0.6,12.0,12.0,1.0,0.0,3.0,3,4,3.0,0.0,4,2,31.0,23.5,Lebron James,Regular Season
2412,5,2014-11-07,CLE,@,DEN,W,1,39:38,8.0,18.0,0.44,1,5,0.2,5.0,6.0,0.83,0.0,7.0,7,11,1.0,1.0,3,1,22.0,20.3,Lebron James,Regular Season
2414,7,2014-11-14,CLE,@,BOS,W,1,40:51,16.0,27.0,0.59,3,8,0.38,6.0,9.0,0.67,0.0,4.0,4,7,0.0,1.0,3,4,41.0,29.5,Lebron James,Regular Season
2418,11,2014-11-21,CLE,@,WAS,L,1,39:02,8.0,21.0,0.38,2,7,0.29,4.0,7.0,0.57,3.0,1.0,4,4,1.0,1.0,3,0,22.0,13.2,Lebron James,Regular Season
2424,17,2014-12-04,CLE,@,NYK,W,1,39:31,7.0,17.0,0.41,1,6,0.17,4.0,7.0,0.57,1.0,4.0,5,12,2.0,0.0,4,2,19.0,16.2,Lebron James,Regular Season
2425,18,2014-12-05,CLE,@,TOR,W,1,42:27,9.0,18.0,0.5,2,4,0.5,4.0,6.0,0.67,0.0,7.0,7,13,3.0,1.0,4,2,24.0,24.3,Lebron James,Regular Season
2426,19,2014-12-08,CLE,@,BRK,W,1,33:54,8.0,17.0,0.47,1,3,0.33,1.0,2.0,0.5,0.0,4.0,4,7,3.0,0.0,3,2,18.0,14.2,Lebron James,Regular Season
2428,21,2014-12-12,CLE,@,NOP,L,1,37:37,17.0,24.0,0.71,2,2,1.0,5.0,8.0,0.62,0.0,5.0,5,5,0.0,1.0,2,1,41.0,33.1,Lebron James,Regular Season
2434,27,2014-12-25,CLE,@,MIA,L,1,40:02,9.0,16.0,0.56,2,8,0.25,10.0,18.0,0.56,0.0,4.0,4,8,0.0,0.0,4,1,30.0,21.6,Lebron James,Regular Season
2435,28,2014-12-26,CLE,@,ORL,W,1,36:56,10.0,20.0,0.5,0,5,0.0,9.0,11.0,0.82,0.0,5.0,5,8,2.0,2.0,4,1,29.0,24.3,Lebron James,Regular Season
2437,30,2015-01-13,CLE,@,PHO,L,1,36:41,11.0,18.0,0.61,3,8,0.38,8.0,13.0,0.62,1.0,6.0,7,5,1.0,0.0,5,3,33.0,23.6,Lebron James,Regular Season
2438,31,2015-01-15,CLE,@,LAL,W,1,38:02,12.0,23.0,0.52,4,9,0.44,8.0,13.0,0.62,1.0,3.0,4,5,2.0,0.0,1,2,36.0,28.0,Lebron James,Regular Season
2439,32,2015-01-16,CLE,@,LAC,W,1,42:29,11.0,23.0,0.48,3,8,0.38,7.0,12.0,0.58,0.0,11.0,11,7,3.0,0.0,9,4,32.0,18.9,Lebron James,Regular Season
2444,37,2015-01-27,CLE,@,DET,W,1,35:56,11.0,24.0,0.46,0,4,0.0,10.0,11.0,0.91,0.0,6.0,6,7,1.0,0.0,4,3,32.0,21.7,Lebron James,Regular Season
2446,39,2015-01-31,CLE,@,MIN,W,1,39:45,14.0,25.0,0.56,3,8,0.38,5.0,8.0,0.62,3.0,3.0,6,5,0.0,1.0,2,1,36.0,27.7,Lebron James,Regular Season
2449,42,2015-02-06,CLE,@,IND,L,1,38:34,10.0,21.0,0.48,0,4,0.0,5.0,8.0,0.62,0.0,6.0,6,5,2.0,1.0,7,3,25.0,12.9,Lebron James,Regular Season
2452,45,2015-02-12,CLE,@,CHI,L,1,34:14,12.0,26.0,0.46,2,9,0.22,5.0,6.0,0.83,0.0,5.0,5,4,0.0,0.0,8,3,31.0,12.3,Lebron James,Regular Season
2453,46,2015-02-20,CLE,@,WAS,W,1,25:07,12.0,21.0,0.57,3,5,0.6,1.0,3.0,0.33,0.0,5.0,5,6,1.0,0.0,2,3,28.0,20.8,Lebron James,Regular Season
2454,47,2015-02-22,CLE,@,NYK,W,1,27:55,7.0,17.0,0.41,1,6,0.17,3.0,5.0,0.6,0.0,7.0,7,7,2.0,0.0,4,2,18.0,12.3,Lebron James,Regular Season
2455,48,2015-02-24,CLE,@,DET,W,1,39:03,6.0,14.0,0.43,1,5,0.2,6.0,10.0,0.6,0.0,7.0,7,11,3.0,1.0,9,3,19.0,13.3,Lebron James,Regular Season
2457,50,2015-03-01,CLE,@,HOU,L,1,42:06,15.0,35.0,0.43,4,12,0.33,3.0,11.0,0.27,2.0,6.0,8,4,3.0,3.0,4,4,37.0,20.8,Lebron James,Regular Season
2459,52,2015-03-04,CLE,@,TOR,W,1,37:27,9.0,16.0,0.56,3,6,0.5,8.0,13.0,0.62,1.0,5.0,6,14,0.0,0.0,3,2,29.0,27.6,Lebron James,Regular Season
2460,53,2015-03-06,CLE,@,ATL,L,1,40:09,5.0,13.0,0.38,1,4,0.25,7.0,8.0,0.88,1.0,5.0,6,8,2.0,1.0,9,3,18.0,10.8,Lebron James,Regular Season
2462,55,2015-03-10,CLE,@,DAL,W,1,28:58,10.0,14.0,0.71,4,6,0.67,3.0,5.0,0.6,0.0,7.0,7,8,1.0,1.0,2,3,27.0,26.6,Lebron James,Regular Season
2463,56,2015-03-12,CLE,@,SAS,W,1,43:43,10.0,20.0,0.5,3,6,0.5,8.0,10.0,0.8,0.0,5.0,5,7,2.0,1.0,3,2,31.0,25.5,Lebron James,Regular Season
2464,57,2015-03-15,CLE,@,ORL,W,1,34:44,9.0,14.0,0.64,0,3,0.0,3.0,4.0,0.75,1.0,7.0,8,13,3.0,1.0,1,3,21.0,27.8,Lebron James,Regular Season
2465,58,2015-03-16,CLE,@,MIA,L,1,35:16,8.0,19.0,0.42,4,8,0.5,6.0,8.0,0.75,1.0,1.0,2,4,0.0,0.0,4,2,26.0,14.1,Lebron James,Regular Season
2468,61,2015-03-22,CLE,@,MIL,W,1,39:28,10.0,17.0,0.59,1,4,0.25,7.0,7.0,1.0,2.0,8.0,10,6,5.0,1.0,5,1,28.0,28.4,Lebron James,Regular Season
2469,62,2015-03-25,CLE,@,MEM,W,1,31:27,7.0,15.0,0.47,3,5,0.6,3.0,4.0,0.75,0.0,8.0,8,5,0.0,0.0,1,2,20.0,16.0,Lebron James,Regular Season
2470,63,2015-03-27,CLE,@,BRK,L,1,38:28,8.0,15.0,0.53,2,5,0.4,6.0,8.0,0.75,0.0,5.0,5,9,5.0,1.0,3,4,24.0,24.8,Lebron James,Regular Season
2474,67,2015-04-08,CLE,@,MIL,W,1,39:51,8.0,15.0,0.53,2,5,0.4,3.0,4.0,0.75,2.0,7.0,9,8,1.0,1.0,2,2,21.0,21.3,Lebron James,Regular Season
2477,1,2015-10-27,CLE,@,CHI,L,1,36:04,12.0,22.0,0.55,1,5,0.2,0.0,3.0,0.0,0.0,10.0,10,5,1.0,0.0,1,3,25.0,18.5,Lebron James,Regular Season
2478,2,2015-10-28,CLE,@,MEM,W,1,30:48,4.0,13.0,0.31,0,3,0.0,4.0,8.0,0.5,1.0,6.0,7,5,3.0,0.0,3,1,12.0,8.5,Lebron James,Regular Season
2480,4,2015-11-02,CLE,@,PHI,W,1,33:20,9.0,19.0,0.47,0,3,0.0,4.0,4.0,1.0,0.0,9.0,9,11,4.0,2.0,3,3,22.0,23.9,Lebron James,Regular Season
2485,9,2015-11-13,CLE,@,NYK,W,1,39:23,12.0,21.0,0.57,0,2,0.0,7.0,10.0,0.7,0.0,3.0,3,6,2.0,1.0,3,4,31.0,23.1,Lebron James,Regular Season
2486,10,2015-11-14,CLE,@,MIL,L,1,45:03,13.0,27.0,0.48,5,11,0.45,6.0,12.0,0.5,4.0,8.0,12,5,1.0,3.0,7,3,37.0,24.5,Lebron James,Regular Season
2487,11,2015-11-17,CLE,@,DET,L,1,39:48,11.0,21.0,0.52,4,7,0.57,4.0,5.0,0.8,0.0,6.0,6,3,0.0,0.0,4,3,30.0,18.0,Lebron James,Regular Season
2491,15,2015-11-25,CLE,@,TOR,L,1,39:46,6.0,16.0,0.38,1,5,0.2,11.0,12.0,0.92,2.0,4.0,6,8,0.0,0.0,2,1,24.0,20.6,Lebron James,Regular Season
2492,16,2015-11-27,CLE,@,CHO,W,1,38:13,8.0,20.0,0.4,2,5,0.4,7.0,9.0,0.78,2.0,11.0,13,5,0.0,0.0,3,2,25.0,17.8,Lebron James,Regular Season
2495,19,2015-12-04,CLE,@,NOP,L,1,44:47,13.0,29.0,0.45,1,5,0.2,10.0,11.0,0.91,2.0,5.0,7,8,1.0,1.0,5,4,37.0,25.1,Lebron James,Regular Season
2497,21,2015-12-11,CLE,@,ORL,W,1,29:25,10.0,15.0,0.67,0,1,0.0,5.0,8.0,0.62,0.0,3.0,3,8,4.0,0.0,4,0,25.0,23.8,Lebron James,Regular Season
2498,22,2015-12-15,CLE,@,BOS,W,1,35:42,10.0,20.0,0.5,0,3,0.0,4.0,4.0,1.0,1.0,6.0,7,3,2.0,1.0,6,3,24.0,14.1,Lebron James,Regular Season
2502,26,2015-12-25,CLE,@,GSW,L,1,38:33,10.0,26.0,0.38,1,5,0.2,4.0,9.0,0.44,2.0,7.0,9,2,1.0,2.0,4,0,25.0,12.1,Lebron James,Regular Season
2503,27,2015-12-26,CLE,@,POR,L,1,26:27,4.0,13.0,0.31,0,3,0.0,4.0,5.0,0.8,0.0,4.0,4,5,0.0,0.0,3,2,12.0,5.0,Lebron James,Regular Season
2504,28,2015-12-28,CLE,@,PHO,W,1,35:23,4.0,10.0,0.4,1,5,0.2,5.0,9.0,0.56,0.0,4.0,4,7,2.0,1.0,2,3,14.0,12.6,Lebron James,Regular Season
2505,29,2015-12-29,CLE,@,DEN,W,1,34:23,13.0,24.0,0.54,1,3,0.33,7.0,8.0,0.88,3.0,3.0,6,2,2.0,1.0,5,2,34.0,23.3,Lebron James,Regular Season
2508,32,2016-01-06,CLE,@,WAS,W,1,39:42,12.0,22.0,0.55,4,9,0.44,6.0,8.0,0.75,0.0,10.0,10,4,1.0,1.0,2,3,34.0,26.9,Lebron James,Regular Season
2509,33,2016-01-08,CLE,@,MIN,W,1,32:14,5.0,12.0,0.42,0,4,0.0,3.0,4.0,0.75,0.0,12.0,12,8,1.0,2.0,3,1,13.0,14.4,Lebron James,Regular Season
2510,34,2016-01-10,CLE,@,PHI,W,1,37:00,15.0,22.0,0.68,3,5,0.6,4.0,6.0,0.67,0.0,7.0,7,9,2.0,0.0,2,1,37.0,34.8,Lebron James,Regular Season
2511,35,2016-01-12,CLE,@,DAL,W,1,41:43,9.0,17.0,0.53,3,6,0.5,6.0,8.0,0.75,3.0,7.0,10,7,2.0,0.0,4,2,27.0,24.2,Lebron James,Regular Season
2512,36,2016-01-14,CLE,@,SAS,L,1,37:20,9.0,17.0,0.53,1,3,0.33,3.0,4.0,0.75,2.0,5.0,7,5,0.0,0.0,4,4,22.0,14.1,Lebron James,Regular Season
2513,37,2016-01-15,CLE,@,HOU,W,1,36:23,7.0,14.0,0.5,1,2,0.5,4.0,6.0,0.67,2.0,5.0,7,7,0.0,2.0,4,1,19.0,16.0,Lebron James,Regular Season
2515,39,2016-01-20,CLE,@,BRK,W,1,29:03,7.0,12.0,0.58,1,1,1.0,2.0,4.0,0.5,0.0,1.0,1,5,1.0,1.0,4,1,17.0,11.7,Lebron James,Regular Season
2520,44,2016-01-29,CLE,@,DET,W,1,35:48,7.0,16.0,0.44,0,2,0.0,6.0,7.0,0.86,1.0,8.0,9,8,1.0,0.0,1,3,20.0,18.7,Lebron James,Regular Season
2522,46,2016-02-01,CLE,@,IND,W,1,43:35,9.0,22.0,0.41,0,5,0.0,6.0,10.0,0.6,2.0,10.0,12,6,2.0,1.0,1,2,24.0,20.1,Lebron James,Regular Season
2523,47,2016-02-03,CLE,@,CHO,L,1,39:08,10.0,21.0,0.48,0,3,0.0,3.0,5.0,0.6,0.0,6.0,6,6,1.0,2.0,1,1,23.0,18.5,Lebron James,Regular Season
2529,53,2016-02-21,CLE,@,OKC,W,1,37:30,11.0,22.0,0.5,2,5,0.4,1.0,1.0,1.0,3.0,4.0,7,11,3.0,0.0,5,3,25.0,21.8,Lebron James,Regular Season
2532,56,2016-02-26,CLE,@,TOR,L,1,40:29,9.0,18.0,0.5,2,4,0.5,5.0,9.0,0.56,1.0,7.0,8,7,1.0,0.0,6,2,25.0,16.3,Lebron James,Regular Season
2537,61,2016-03-09,CLE,@,SAC,W,1,36:33,8.0,19.0,0.42,1,5,0.2,8.0,9.0,0.89,4.0,7.0,11,6,0.0,0.0,5,1,25.0,18.2,Lebron James,Regular Season
2538,62,2016-03-10,CLE,@,LAL,W,1,34:50,9.0,18.0,0.5,1,4,0.25,5.0,8.0,0.62,2.0,3.0,5,7,0.0,2.0,3,2,24.0,18.6,Lebron James,Regular Season
2539,63,2016-03-13,CLE,@,LAC,W,1,30:43,9.0,15.0,0.6,3,4,0.75,6.0,7.0,0.86,1.0,5.0,6,5,1.0,0.0,2,2,27.0,23.6,Lebron James,Regular Season
2540,64,2016-03-14,CLE,@,UTA,L,1,36:53,10.0,20.0,0.5,2,6,0.33,1.0,2.0,0.5,6.0,6.0,12,3,1.0,0.0,3,0,23.0,18.7,Lebron James,Regular Season
2541,65,2016-03-18,CLE,@,ORL,W,1,35:44,6.0,15.0,0.4,0,3,0.0,6.0,6.0,1.0,1.0,6.0,7,8,1.0,1.0,4,3,18.0,14.5,Lebron James,Regular Season
2545,69,2016-03-24,CLE,@,BRK,L,1,35:04,13.0,16.0,0.81,1,2,0.5,3.0,4.0,0.75,1.0,5.0,6,5,1.0,0.0,4,2,30.0,25.5,Lebron James,Regular Season
2546,70,2016-03-26,CLE,@,NYK,W,1,35:46,10.0,21.0,0.48,2,3,0.67,5.0,6.0,0.83,3.0,8.0,11,11,1.0,2.0,2,4,27.0,26.9,Lebron James,Regular Season
2548,72,2016-04-01,CLE,@,ATL,W,1,44:25,12.0,26.0,0.46,1,5,0.2,4.0,5.0,0.8,3.0,13.0,16,9,3.0,1.0,3,4,29.0,26.6,Lebron James,Regular Season
2550,74,2016-04-05,CLE,@,MIL,W,1,28:04,7.0,9.0,0.78,1,2,0.5,2.0,2.0,1.0,0.0,5.0,5,9,0.0,1.0,4,0,17.0,18.0,Lebron James,Regular Season
2551,75,2016-04-09,CLE,@,CHI,L,1,38:33,13.0,17.0,0.76,4,5,0.8,3.0,4.0,0.75,3.0,4.0,7,3,0.0,1.0,4,1,33.0,27.6,Lebron James,Regular Season
2554,2,2016-10-28,CLE,@,TOR,W,1,38:40,7.0,16.0,0.44,2,6,0.33,5.0,7.0,0.71,2.0,6.0,8,7,0.0,0.0,5,2,21.0,14.1,Lebron James,Regular Season
2558,6,2016-11-05,CLE,@,PHI,W,1,35:52,9.0,23.0,0.39,1,5,0.2,6.0,7.0,0.86,1.0,7.0,8,14,2.0,1.0,5,1,25.0,22.0,Lebron James,Regular Season
2560,8,2016-11-11,CLE,@,WAS,W,1,38:06,9.0,18.0,0.5,3,4,0.75,6.0,9.0,0.67,0.0,10.0,10,5,2.0,2.0,6,1,27.0,20.3,Lebron James,Regular Season
2566,14,2016-11-27,CLE,@,PHI,W,1,41:30,9.0,19.0,0.47,1,4,0.25,7.0,9.0,0.78,2.0,8.0,10,13,1.0,0.0,5,0,26.0,24.4,Lebron James,Regular Season
2567,15,2016-11-29,CLE,@,MIL,L,1,32:53,8.0,16.0,0.5,3,8,0.38,3.0,7.0,0.43,0.0,4.0,4,4,0.0,0.0,7,3,22.0,8.2,Lebron James,Regular Season
2570,18,2016-12-05,CLE,@,TOR,W,1,42:01,12.0,26.0,0.46,2,7,0.29,8.0,9.0,0.89,3.0,5.0,8,7,2.0,0.0,1,2,34.0,28.9,Lebron James,Regular Season
2571,19,2016-12-07,CLE,@,NYK,W,1,32:27,7.0,10.0,0.7,1,2,0.5,10.0,14.0,0.71,2.0,4.0,6,7,1.0,2.0,4,2,25.0,24.3,Lebron James,Regular Season
2576,24,2016-12-20,CLE,@,MIL,W,1,47:29,12.0,25.0,0.48,5,9,0.56,5.0,6.0,0.83,3.0,9.0,12,7,1.0,1.0,2,2,34.0,29.5,Lebron James,Regular Season
2581,29,2016-12-31,CLE,@,CHO,W,1,35:47,12.0,25.0,0.48,4,8,0.5,4.0,6.0,0.67,2.0,4.0,6,9,1.0,0.0,1,1,32.0,27.0,Lebron James,Regular Season
2584,32,2017-01-06,CLE,@,BRK,W,1,35:17,14.0,20.0,0.7,0,1,0.0,8.0,10.0,0.8,0.0,9.0,9,6,3.0,0.0,5,2,36.0,30.9,Lebron James,Regular Season
2585,33,2017-01-08,CLE,@,PHO,W,1,39:31,11.0,17.0,0.65,2,4,0.5,4.0,6.0,0.67,3.0,5.0,8,4,1.0,0.0,7,3,28.0,18.9,Lebron James,Regular Season
2586,34,2017-01-10,CLE,@,UTA,L,1,36:55,10.0,20.0,0.5,3,6,0.5,6.0,7.0,0.86,1.0,5.0,6,5,4.0,0.0,4,0,29.0,24.3,Lebron James,Regular Season
2587,35,2017-01-11,CLE,@,POR,L,1,30:31,5.0,12.0,0.42,2,5,0.4,8.0,9.0,0.89,1.0,10.0,11,4,1.0,1.0,5,1,20.0,16.0,Lebron James,Regular Season
2588,36,2017-01-13,CLE,@,SAC,W,1,41:41,6.0,12.0,0.5,1,4,0.25,3.0,3.0,1.0,0.0,2.0,2,15,1.0,1.0,5,2,16.0,17.0,Lebron James,Regular Season
2589,37,2017-01-16,CLE,@,GSW,L,1,35:00,6.0,18.0,0.33,1,4,0.25,7.0,10.0,0.7,2.0,6.0,8,2,1.0,0.0,6,1,20.0,7.8,Lebron James,Regular Season
2592,40,2017-01-23,CLE,@,NOP,L,1,43:43,11.0,21.0,0.52,1,4,0.25,3.0,4.0,0.75,2.0,8.0,10,12,2.0,0.0,6,2,26.0,22.7,Lebron James,Regular Season
2596,44,2017-01-30,CLE,@,DAL,L,1,37:17,9.0,19.0,0.47,1,6,0.17,4.0,8.0,0.5,0.0,9.0,9,9,2.0,0.0,5,0,23.0,17.7,Lebron James,Regular Season
2598,46,2017-02-04,CLE,@,NYK,W,1,39:35,12.0,20.0,0.6,4,8,0.5,4.0,5.0,0.8,0.0,5.0,5,10,0.0,0.0,5,1,32.0,25.5,Lebron James,Regular Season
2599,47,2017-02-06,CLE,@,WAS,W,1,42:04,12.0,18.0,0.67,6,8,0.75,2.0,5.0,0.4,0.0,7.0,7,17,2.0,2.0,6,6,32.0,32.0,Lebron James,Regular Season
2600,48,2017-02-08,CLE,@,IND,W,1,38:16,9.0,16.0,0.56,1,2,0.5,6.0,8.0,0.75,1.0,5.0,6,9,1.0,1.0,4,2,25.0,22.0,Lebron James,Regular Season
2601,49,2017-02-09,CLE,@,OKC,L,1,40:53,8.0,19.0,0.42,1,4,0.25,1.0,3.0,0.33,1.0,4.0,5,7,2.0,2.0,3,1,18.0,13.9,Lebron James,Regular Season
2603,51,2017-02-14,CLE,@,MIN,W,1,39:30,10.0,14.0,0.71,2,3,0.67,3.0,6.0,0.5,1.0,7.0,8,14,0.0,0.0,6,3,25.0,23.4,Lebron James,Regular Season
2607,55,2017-03-01,CLE,@,BOS,L,1,40:02,10.0,21.0,0.48,3,6,0.5,5.0,8.0,0.62,5.0,8.0,13,10,1.0,1.0,4,3,28.0,25.5,Lebron James,Regular Season
2608,56,2017-03-03,CLE,@,ATL,W,1,39:10,14.0,27.0,0.52,6,10,0.6,4.0,8.0,0.5,1.0,12.0,13,8,0.0,0.0,2,4,38.0,29.4,Lebron James,Regular Season
2610,58,2017-03-09,CLE,@,DET,L,1,39:05,12.0,22.0,0.55,0,6,0.0,5.0,8.0,0.62,4.0,10.0,14,10,1.0,0.0,3,1,29.0,27.6,Lebron James,Regular Season
2611,59,2017-03-11,CLE,@,ORL,W,1,37:34,8.0,14.0,0.57,2,5,0.4,6.0,10.0,0.6,0.0,12.0,12,12,0.0,1.0,4,3,24.0,23.3,Lebron James,Regular Season
2612,60,2017-03-12,CLE,@,HOU,L,1,40:10,12.0,20.0,0.6,4,11,0.36,2.0,3.0,0.67,0.0,7.0,7,5,2.0,0.0,8,2,30.0,19.2,Lebron James,Regular Season
2615,63,2017-03-19,CLE,@,LAL,W,1,37:51,13.0,22.0,0.59,3,8,0.38,5.0,8.0,0.62,0.0,6.0,6,7,1.0,0.0,3,2,34.0,26.5,Lebron James,Regular Season
2616,64,2017-03-22,CLE,@,DEN,L,1,34:10,8.0,12.0,0.67,0,2,0.0,2.0,4.0,0.5,2.0,4.0,6,5,0.0,0.0,4,1,18.0,13.7,Lebron James,Regular Season
2617,65,2017-03-24,CLE,@,CHO,W,1,39:54,9.0,14.0,0.64,0,1,0.0,14.0,16.0,0.88,0.0,9.0,9,11,1.0,2.0,4,2,32.0,33.0,Lebron James,Regular Season
2619,67,2017-03-27,CLE,@,SAS,L,1,29:32,7.0,17.0,0.41,0,3,0.0,3.0,6.0,0.5,3.0,5.0,8,8,0.0,0.0,2,3,17.0,12.7,Lebron James,Regular Season
2620,68,2017-03-30,CLE,@,CHI,L,1,39:07,11.0,20.0,0.55,1,7,0.14,3.0,7.0,0.43,1.0,9.0,10,8,1.0,1.0,4,0,26.0,21.5,Lebron James,Regular Season
2624,72,2017-04-05,CLE,@,BOS,W,1,38:33,14.0,22.0,0.64,1,4,0.25,7.0,7.0,1.0,2.0,8.0,10,6,1.0,2.0,3,3,36.0,32.4,Lebron James,Regular Season
2626,74,2017-04-09,CLE,@,ATL,L,1,46:50,11.0,21.0,0.52,1,3,0.33,9.0,10.0,0.9,3.0,13.0,16,10,1.0,0.0,3,6,32.0,29.9,Lebron James,Regular Season
2628,2,2017-10-20,CLE,@,MIL,W,1,37:25,10.0,16.0,0.62,2,4,0.5,2.0,2.0,1.0,1.0,4.0,5,8,1.0,1.0,5,2,24.0,20.2,Lebron James,Regular Season
2631,5,2017-10-25,CLE,@,BRK,L,1,41:22,12.0,20.0,0.6,1,2,0.5,4.0,8.0,0.5,1.0,9.0,10,13,0.0,4.0,8,1,29.0,25.1,Lebron James,Regular Season
2632,6,2017-10-28,CLE,@,NOP,L,1,30:46,6.0,11.0,0.55,1,3,0.33,5.0,6.0,0.83,0.0,3.0,3,8,0.0,0.0,4,3,18.0,13.6,Lebron James,Regular Season
2635,9,2017-11-03,CLE,@,WAS,W,1,42:41,23.0,34.0,0.68,2,4,0.5,9.0,9.0,1.0,5.0,6.0,11,7,3.0,2.0,3,2,57.0,53.2,Lebron James,Regular Season
2638,12,2017-11-09,CLE,@,HOU,L,1,40:01,15.0,24.0,0.62,1,4,0.25,2.0,3.0,0.67,0.0,4.0,4,7,1.0,1.0,8,4,33.0,20.0,Lebron James,Regular Season
2639,13,2017-11-11,CLE,@,DAL,W,1,41:47,6.0,14.0,0.43,1,3,0.33,6.0,8.0,0.75,1.0,10.0,11,4,0.0,1.0,6,3,19.0,10.8,Lebron James,Regular Season
2640,14,2017-11-13,CLE,@,NYK,W,1,36:16,7.0,14.0,0.5,2,4,0.5,7.0,10.0,0.7,3.0,6.0,9,12,0.0,3.0,5,1,23.0,23.8,Lebron James,Regular Season
2641,15,2017-11-15,CLE,@,CHO,W,1,36:38,12.0,24.0,0.5,4,7,0.57,3.0,3.0,1.0,2.0,4.0,6,8,2.0,1.0,3,4,31.0,25.3,Lebron James,Regular Season
2643,17,2017-11-20,CLE,@,DET,W,1,27:16,7.0,14.0,0.5,3,5,0.6,1.0,1.0,1.0,0.0,2.0,2,8,1.0,1.0,0,2,18.0,18.1,Lebron James,Regular Season
2646,20,2017-11-27,CLE,@,PHI,W,1,31:03,12.0,23.0,0.52,3,7,0.43,3.0,4.0,0.75,3.0,11.0,14,6,0.0,0.0,3,0,30.0,24.9,Lebron James,Regular Season
2648,22,2017-11-30,CLE,@,ATL,W,1,37:34,8.0,11.0,0.73,3,6,0.5,5.0,7.0,0.71,1.0,5.0,6,12,2.0,2.0,3,3,24.0,28.5,Lebron James,Regular Season
2650,24,2017-12-04,CLE,@,CHI,W,1,34:16,9.0,15.0,0.6,2,4,0.5,3.0,4.0,0.75,0.0,7.0,7,6,2.0,0.0,2,1,23.0,21.6,Lebron James,Regular Season
2652,26,2017-12-08,CLE,@,IND,L,1,39:25,12.0,22.0,0.55,1,5,0.2,4.0,5.0,0.8,2.0,8.0,10,8,1.0,2.0,3,1,29.0,26.4,Lebron James,Regular Season
2657,31,2017-12-17,CLE,@,WAS,W,1,41:21,8.0,23.0,0.35,2,7,0.29,2.0,3.0,0.67,2.0,9.0,11,15,0.0,1.0,6,4,20.0,14.4,Lebron James,Regular Season
2658,32,2017-12-19,CLE,@,MIL,L,1,34:14,14.0,22.0,0.64,6,11,0.55,5.0,5.0,1.0,0.0,1.0,1,7,3.0,2.0,7,1,39.0,31.4,Lebron James,Regular Season
2660,34,2017-12-25,CLE,@,GSW,L,1,40:03,7.0,18.0,0.39,2,7,0.29,4.0,7.0,0.57,1.0,5.0,6,6,0.0,0.0,7,2,20.0,7.6,Lebron James,Regular Season
2661,35,2017-12-27,CLE,@,SAC,L,1,37:42,6.0,17.0,0.35,0,2,0.0,4.0,5.0,0.8,2.0,8.0,10,14,5.0,0.0,4,2,16.0,19.9,Lebron James,Regular Season
2662,36,2017-12-30,CLE,@,UTA,L,1,37:27,12.0,22.0,0.55,1,7,0.14,4.0,5.0,0.8,1.0,7.0,8,6,2.0,1.0,6,1,29.0,21.3,Lebron James,Regular Season
2664,38,2018-01-03,CLE,@,BOS,L,1,32:42,8.0,15.0,0.53,0,2,0.0,3.0,3.0,1.0,0.0,7.0,7,6,1.0,1.0,4,1,19.0,15.3,Lebron James,Regular Season
2665,39,2018-01-06,CLE,@,ORL,W,1,37:17,12.0,23.0,0.52,4,7,0.57,5.0,7.0,0.71,3.0,7.0,10,9,6.0,1.0,3,1,33.0,34.7,Lebron James,Regular Season
2666,40,2018-01-08,CLE,@,MIN,L,1,26:35,4.0,8.0,0.5,1,3,0.33,1.0,3.0,0.33,1.0,7.0,8,5,0.0,2.0,3,2,10.0,9.1,Lebron James,Regular Season
2667,41,2018-01-11,CLE,@,TOR,L,1,32:14,9.0,16.0,0.56,0,1,0.0,8.0,10.0,0.8,0.0,3.0,3,1,1.0,2.0,2,1,26.0,19.2,Lebron James,Regular Season
2668,42,2018-01-12,CLE,@,IND,L,1,40:27,11.0,25.0,0.44,2,9,0.22,3.0,4.0,0.75,2.0,6.0,8,11,3.0,1.0,5,2,27.0,22.3,Lebron James,Regular Season
2672,46,2018-01-23,CLE,@,SAS,L,1,37:57,10.0,23.0,0.43,2,6,0.33,6.0,10.0,0.6,2.0,7.0,9,7,0.0,1.0,5,0,28.0,18.4,Lebron James,Regular Season
2675,49,2018-01-30,CLE,@,DET,L,1,37:45,9.0,20.0,0.45,2,7,0.29,1.0,2.0,0.5,0.0,6.0,6,7,0.0,1.0,4,2,21.0,12.8,Lebron James,Regular Season
2678,52,2018-02-06,CLE,@,ORL,L,1,33:05,10.0,17.0,0.59,2,4,0.5,3.0,4.0,0.75,1.0,9.0,10,5,1.0,0.0,6,4,25.0,17.0,Lebron James,Regular Season
2680,54,2018-02-09,CLE,@,ATL,W,1,40:43,8.0,20.0,0.4,0,3,0.0,6.0,7.0,0.86,2.0,10.0,12,19,0.0,0.0,3,2,22.0,24.7,Lebron James,Regular Season
2681,55,2018-02-11,CLE,@,BOS,W,1,27:54,9.0,20.0,0.45,2,5,0.4,4.0,7.0,0.57,0.0,8.0,8,10,1.0,1.0,2,1,24.0,21.1,Lebron James,Regular Season
2682,56,2018-02-13,CLE,@,OKC,W,1,39:44,14.0,23.0,0.61,3,7,0.43,6.0,10.0,0.6,0.0,8.0,8,8,0.0,1.0,5,1,37.0,28.2,Lebron James,Regular Season
2684,58,2018-02-23,CLE,@,MEM,W,1,36:40,7.0,16.0,0.44,0,2,0.0,4.0,4.0,1.0,0.0,14.0,14,11,1.0,0.0,3,0,18.0,19.5,Lebron James,Regular Season
2690,64,2018-03-07,CLE,@,DEN,W,1,39:08,15.0,25.0,0.6,5,8,0.62,4.0,8.0,0.5,1.0,7.0,8,10,1.0,0.0,3,2,39.0,32.9,Lebron James,Regular Season
2691,65,2018-03-09,CLE,@,LAC,L,1,38:53,11.0,20.0,0.55,3,7,0.43,0.0,2.0,0.0,0.0,10.0,10,6,2.0,3.0,5,2,25.0,20.1,Lebron James,Regular Season
2692,66,2018-03-11,CLE,@,LAL,L,1,31:27,9.0,20.0,0.45,2,8,0.25,4.0,5.0,0.8,2.0,8.0,10,7,1.0,1.0,2,0,24.0,21.6,Lebron James,Regular Season
2693,67,2018-03-13,CLE,@,PHO,W,1,33:13,7.0,14.0,0.5,1,2,0.5,13.0,15.0,0.87,0.0,12.0,12,11,3.0,2.0,5,2,28.0,30.1,Lebron James,Regular Season
2694,68,2018-03-15,CLE,@,POR,L,1,41:05,15.0,25.0,0.6,1,4,0.25,4.0,9.0,0.44,0.0,14.0,14,6,2.0,3.0,6,4,35.0,26.4,Lebron James,Regular Season
2695,69,2018-03-17,CLE,@,CHI,W,1,39:53,15.0,26.0,0.58,2,8,0.25,1.0,4.0,0.25,1.0,12.0,13,12,1.0,2.0,6,3,33.0,27.5,Lebron James,Regular Season
2699,73,2018-03-25,CLE,@,BRK,W,1,38:03,14.0,19.0,0.74,1,4,0.25,8.0,10.0,0.8,2.0,8.0,10,8,1.0,0.0,2,3,37.0,35.7,Lebron James,Regular Season
2700,74,2018-03-27,CLE,@,MIA,L,1,37:59,7.0,18.0,0.39,0,4,0.0,4.0,5.0,0.8,1.0,5.0,6,7,0.0,0.0,6,1,18.0,8.5,Lebron James,Regular Season
2701,75,2018-03-28,CLE,@,CHO,W,1,36:53,14.0,26.0,0.54,4,8,0.5,9.0,11.0,0.82,2.0,8.0,10,8,1.0,0.0,4,1,41.0,33.6,Lebron James,Regular Season
2706,80,2018-04-06,CLE,@,PHI,L,1,40:11,17.0,29.0,0.59,4,8,0.5,6.0,11.0,0.55,1.0,10.0,11,11,2.0,1.0,8,0,44.0,34.6,Lebron James,Regular Season
2707,81,2018-04-09,CLE,@,NYK,W,1,38:38,7.0,16.0,0.44,3,6,0.5,9.0,10.0,0.9,0.0,6.0,6,11,1.0,0.0,4,2,26.0,22.9,Lebron James,Regular Season
2709,1,2018-10-18,LAL,@,POR,L,1,37:20,9.0,16.0,0.56,0,4,0.0,8.0,9.0,0.89,2.0,10.0,12,6,1.0,0.0,6,3,26.0,20.4,Lebron James,Regular Season
2712,4,2018-10-24,LAL,@,PHO,W,1,28:04,7.0,16.0,0.44,1,5,0.2,4.0,4.0,1.0,0.0,7.0,7,10,3.0,0.0,0,1,19.0,22.3,Lebron James,Regular Season
2714,6,2018-10-27,LAL,@,SAS,L,1,34:18,13.0,21.0,0.62,2,6,0.33,7.0,8.0,0.88,1.0,10.0,11,4,2.0,0.0,4,3,35.0,28.4,Lebron James,Regular Season
2715,7,2018-10-29,LAL,@,MIN,L,1,36:16,11.0,23.0,0.48,3,6,0.5,4.0,5.0,0.8,3.0,7.0,10,8,2.0,2.0,5,2,29.0,24.3,Lebron James,Regular Season
2717,9,2018-11-03,LAL,@,POR,W,1,31:21,9.0,20.0,0.45,1,5,0.2,9.0,11.0,0.82,0.0,5.0,5,7,0.0,2.0,3,1,28.0,21.2,Lebron James,Regular Season
2720,12,2018-11-10,LAL,@,SAC,W,1,31:17,10.0,18.0,0.56,3,6,0.5,2.0,3.0,0.67,1.0,6.0,7,2,1.0,0.0,3,2,25.0,17.1,Lebron James,Regular Season
2723,15,2018-11-17,LAL,@,ORL,L,1,25:53,8.0,19.0,0.42,3,6,0.5,3.0,4.0,0.75,0.0,4.0,4,7,0.0,1.0,3,0,22.0,15.3,Lebron James,Regular Season
2724,16,2018-11-18,LAL,@,MIA,W,1,38:29,19.0,31.0,0.61,6,8,0.75,7.0,10.0,0.7,1.0,7.0,8,3,2.0,1.0,2,3,51.0,40.1,Lebron James,Regular Season
2725,17,2018-11-21,LAL,@,CLE,W,1,35:30,11.0,20.0,0.55,2,6,0.33,8.0,12.0,0.67,2.0,12.0,14,7,0.0,1.0,4,3,32.0,26.2,Lebron James,Regular Season
2728,20,2018-11-27,LAL,@,DEN,L,1,30:04,5.0,15.0,0.33,0,4,0.0,4.0,6.0,0.67,0.0,7.0,7,2,2.0,2.0,4,0,14.0,7.6,Lebron James,Regular Season
2733,25,2018-12-07,LAL,@,SAS,L,1,37:21,13.0,28.0,0.46,3,8,0.38,6.0,9.0,0.67,2.0,6.0,8,11,2.0,0.0,1,4,35.0,29.7,Lebron James,Regular Season
2734,26,2018-12-08,LAL,@,MEM,W,1,31:38,9.0,18.0,0.5,0,3,0.0,2.0,3.0,0.67,1.0,7.0,8,9,2.0,0.0,5,2,20.0,15.9,Lebron James,Regular Season
2736,28,2018-12-13,LAL,@,HOU,L,1,36:26,12.0,18.0,0.67,3,6,0.5,2.0,6.0,0.33,0.0,5.0,5,4,2.0,0.0,3,1,29.0,22.5,Lebron James,Regular Season
2737,29,2018-12-15,LAL,@,CHO,W,1,30:13,7.0,15.0,0.47,2,6,0.33,8.0,12.0,0.67,1.0,11.0,12,11,1.0,0.0,3,0,24.0,24.4,Lebron James,Regular Season
2738,30,2018-12-16,LAL,@,WAS,L,1,32:00,5.0,16.0,0.31,0,2,0.0,3.0,6.0,0.5,0.0,6.0,6,3,0.0,1.0,4,0,13.0,3.2,Lebron James,Regular Season
2739,31,2018-12-18,LAL,@,BRK,L,1,41:12,13.0,23.0,0.57,2,7,0.29,8.0,13.0,0.62,1.0,12.0,13,8,1.0,1.0,5,1,36.0,29.3,Lebron James,Regular Season
2742,34,2018-12-25,LAL,@,GSW,W,1,21:15,6.0,11.0,0.55,0,2,0.0,5.0,8.0,0.62,2.0,11.0,13,5,1.0,0.0,2,1,17.0,17.3,Lebron James,Regular Season
2743,35,2019-01-31,LAL,@,LAC,W,1,40:26,9.0,22.0,0.41,1,6,0.17,5.0,7.0,0.71,1.0,13.0,14,9,1.0,0.0,4,0,24.0,19.3,Lebron James,Regular Season
2744,36,2019-02-05,LAL,@,IND,L,1,30:13,7.0,12.0,0.58,2,5,0.4,2.0,3.0,0.67,0.0,7.0,7,9,1.0,0.0,6,1,18.0,15.0,Lebron James,Regular Season
2745,37,2019-02-07,LAL,@,BOS,W,1,37:44,11.0,21.0,0.52,5,10,0.5,1.0,5.0,0.2,2.0,10.0,12,12,3.0,0.0,3,4,28.0,27.3,Lebron James,Regular Season
2747,39,2019-02-12,LAL,@,ATL,L,1,43:03,8.0,20.0,0.4,3,10,0.3,9.0,11.0,0.82,2.0,9.0,11,16,3.0,1.0,2,3,28.0,32.2,Lebron James,Regular Season
2749,41,2019-02-23,LAL,@,NOP,L,1,38:31,11.0,17.0,0.65,3,6,0.5,2.0,6.0,0.33,0.0,7.0,7,12,4.0,1.0,4,0,27.0,29.1,Lebron James,Regular Season
2750,42,2019-02-25,LAL,@,MEM,L,1,39:44,8.0,23.0,0.35,0,4,0.0,8.0,10.0,0.8,3.0,9.0,12,11,3.0,0.0,5,3,24.0,19.6,Lebron James,Regular Season
2753,45,2019-03-02,LAL,@,PHO,L,1,40:46,10.0,21.0,0.48,4,9,0.44,3.0,7.0,0.43,0.0,9.0,9,16,0.0,0.0,3,2,27.0,24.8,Lebron James,Regular Season
2757,49,2019-03-12,LAL,@,CHI,W,1,33:24,15.0,23.0,0.65,2,4,0.5,4.0,5.0,0.8,1.0,9.0,10,4,2.0,0.0,5,2,36.0,27.9,Lebron James,Regular Season
2758,50,2019-03-14,LAL,@,TOR,L,1,31:47,12.0,23.0,0.52,1,5,0.2,4.0,7.0,0.57,0.0,4.0,4,6,1.0,0.0,4,2,29.0,18.1,Lebron James,Regular Season
2759,51,2019-03-17,LAL,@,NYK,L,1,35:00,11.0,26.0,0.42,0,6,0.0,11.0,13.0,0.85,2.0,4.0,6,8,0.0,1.0,2,2,33.0,24.5,Lebron James,Regular Season
2766,3,2006-04-28,CLE,@,WAS,W,1,47:37,16.0,28.0,0.57,3,5,0.6,6.0,9.0,0.67,1.0,4.0,5,3,2.0,0.0,4,3,41.0,27.4,Lebron James,Playoffs
2769,6,2006-05-05,CLE,@,WAS,W,1,53:00,15.0,25.0,0.6,1,6,0.17,1.0,3.0,0.33,0.0,7.0,7,7,2.0,1.0,5,4,32.0,22.8,Lebron James,Playoffs
2770,7,2006-05-07,CLE,@,DET,L,1,36:00,9.0,18.0,0.5,2,5,0.4,2.0,2.0,1.0,1.0,3.0,4,4,0.0,0.0,4,3,22.0,12.2,Lebron James,Playoffs
2771,8,2006-05-09,CLE,@,DET,L,1,47:32,11.0,23.0,0.48,2,5,0.4,6.0,8.0,0.75,2.0,12.0,14,7,0.0,0.0,3,4,30.0,22.8,Lebron James,Playoffs
2774,11,2006-05-17,CLE,@,DET,W,1,46:50,13.0,30.0,0.43,1,4,0.25,5.0,7.0,0.71,3.0,2.0,5,5,2.0,1.0,2,3,32.0,21.1,Lebron James,Playoffs
2776,13,2006-05-21,CLE,@,DET,L,1,46:45,11.0,24.0,0.46,0,4,0.0,5.0,8.0,0.62,3.0,5.0,8,2,1.0,0.0,3,2,27.0,15.6,Lebron James,Playoffs
2779,3,2007-04-28,CLE,@,WAS,W,1,46:02,11.0,22.0,0.5,3,5,0.6,5.0,7.0,0.71,0.0,6.0,6,9,1.0,0.0,2,3,30.0,24.1,Lebron James,Playoffs
2780,4,2007-04-30,CLE,@,WAS,W,1,46:11,8.0,22.0,0.36,1,5,0.2,14.0,17.0,0.82,3.0,8.0,11,7,3.0,1.0,2,3,31.0,27.5,Lebron James,Playoffs
2783,7,2007-05-12,CLE,@,NJN,L,1,44:08,5.0,16.0,0.31,1,5,0.2,7.0,7.0,1.0,0.0,6.0,6,12,0.0,0.0,2,2,18.0,16.2,Lebron James,Playoffs
2784,8,2007-05-14,CLE,@,NJN,W,1,46:20,9.0,16.0,0.56,2,3,0.67,10.0,15.0,0.67,0.0,9.0,9,7,0.0,0.0,3,1,30.0,24.6,Lebron James,Playoffs
2786,10,2007-05-18,CLE,@,NJN,W,1,38:53,8.0,20.0,0.4,1,5,0.2,6.0,9.0,0.67,1.0,7.0,8,8,1.0,0.0,2,4,23.0,16.8,Lebron James,Playoffs
2794,18,2007-06-10,CLE,@,SAS,L,1,38:00,9.0,21.0,0.43,0,2,0.0,7.0,11.0,0.64,3.0,4.0,7,6,1.0,0.0,6,3,25.0,13.6,Lebron James,Playoffs
2799,3,2008-04-24,CLE,@,WAS,L,1,35:57,10.0,19.0,0.53,0,4,0.0,2.0,4.0,0.5,0.0,7.0,7,3,1.0,1.0,4,3,22.0,12.6,Lebron James,Playoffs
2800,4,2008-04-27,CLE,@,WAS,W,1,44:23,11.0,25.0,0.44,3,8,0.38,9.0,14.0,0.64,2.0,10.0,12,7,2.0,0.0,5,5,34.0,23.2,Lebron James,Playoffs
2804,8,2008-05-08,CLE,@,BOS,L,1,41:38,6.0,24.0,0.25,0,4,0.0,9.0,13.0,0.69,2.0,3.0,5,6,2.0,1.0,7,1,21.0,6.8,Lebron James,Playoffs
2807,11,2008-05-14,CLE,@,BOS,L,1,44:43,12.0,25.0,0.48,0,5,0.0,11.0,13.0,0.85,0.0,3.0,3,5,1.0,1.0,4,3,35.0,22.4,Lebron James,Playoffs
2809,13,2008-05-18,CLE,@,BOS,L,1,46:48,14.0,29.0,0.48,3,11,0.27,14.0,19.0,0.74,1.0,4.0,5,6,2.0,0.0,2,4,45.0,32.8,Lebron James,Playoffs
2812,3,2009-04-24,CLE,@,DET,W,1,42:44,9.0,19.0,0.47,0,5,0.0,7.0,11.0,0.64,2.0,9.0,11,9,3.0,2.0,2,0,25.0,26.5,Lebron James,Playoffs
2813,4,2009-04-26,CLE,@,DET,W,1,40:39,10.0,24.0,0.42,0,3,0.0,16.0,17.0,0.94,1.0,12.0,13,8,2.0,1.0,2,3,36.0,32.2,Lebron James,Playoffs
2816,7,2009-05-09,CLE,@,ATL,W,1,43:14,15.0,25.0,0.6,5,10,0.5,12.0,16.0,0.75,2.0,10.0,12,8,1.0,1.0,1,2,47.0,43.8,Lebron James,Playoffs
2817,8,2009-05-11,CLE,@,ATL,W,1,43:25,9.0,22.0,0.41,3,6,0.5,6.0,9.0,0.67,0.0,8.0,8,8,1.0,0.0,3,3,27.0,18.8,Lebron James,Playoffs
2821,12,2009-05-26,CLE,@,ORL,L,1,49:24,13.0,29.0,0.45,4,10,0.4,14.0,18.0,0.78,1.0,11.0,12,7,1.0,1.0,8,5,44.0,27.9,Lebron James,Playoffs
2823,14,2009-05-30,CLE,@,ORL,L,1,44:53,8.0,20.0,0.4,2,8,0.25,7.0,11.0,0.64,1.0,6.0,7,7,0.0,1.0,3,4,25.0,16.1,Lebron James,Playoffs
2826,3,2010-04-22,CLE,@,CHI,L,1,44:16,14.0,26.0,0.54,4,8,0.5,7.0,13.0,0.54,2.0,8.0,10,8,2.0,3.0,5,3,39.0,31.3,Lebron James,Playoffs
2827,4,2010-04-25,CLE,@,CHI,W,1,36:24,11.0,17.0,0.65,6,9,0.67,9.0,10.0,0.9,0.0,12.0,12,11,2.0,1.0,2,3,37.0,39.9,Lebron James,Playoffs
2831,8,2010-05-07,CLE,@,BOS,W,1,39:16,14.0,22.0,0.64,2,3,0.67,8.0,9.0,0.89,2.0,6.0,8,7,1.0,2.0,1,1,38.0,36.9,Lebron James,Playoffs
2832,9,2010-05-09,CLE,@,BOS,L,1,43:14,7.0,18.0,0.39,0,5,0.0,8.0,11.0,0.73,1.0,8.0,9,8,2.0,1.0,7,4,22.0,13.8,Lebron James,Playoffs
2837,3,2011-04-21,MIA,@,PHI,W,1,44:16,8.0,15.0,0.53,1,4,0.25,7.0,10.0,0.7,1.0,14.0,15,6,1.0,0.0,1,1,24.0,24.2,Lebron James,Playoffs
2838,4,2011-04-24,MIA,@,PHI,L,1,43:33,11.0,20.0,0.55,0,4,0.0,9.0,11.0,0.82,2.0,5.0,7,6,1.0,1.0,1,2,31.0,27.6,Lebron James,Playoffs
2842,8,2011-05-07,MIA,@,BOS,L,1,42:48,6.0,16.0,0.38,0,3,0.0,3.0,7.0,0.43,2.0,5.0,7,4,2.0,5.0,4,3,15.0,10.6,Lebron James,Playoffs
2843,9,2011-05-09,MIA,@,BOS,W,1,50:17,12.0,28.0,0.43,2,6,0.33,9.0,9.0,1.0,3.0,11.0,14,3,3.0,0.0,5,3,35.0,24.5,Lebron James,Playoffs
2845,11,2011-05-15,MIA,@,CHI,L,1,41:12,5.0,15.0,0.33,1,3,0.33,4.0,4.0,1.0,1.0,5.0,6,6,2.0,3.0,4,2,15.0,12.2,Lebron James,Playoffs
2849,15,2011-05-26,MIA,@,CHI,W,1,45:46,8.0,19.0,0.42,3,6,0.5,9.0,11.0,0.82,0.0,11.0,11,6,3.0,2.0,4,2,28.0,24.2,Lebron James,Playoffs
2852,18,2011-06-05,MIA,@,DAL,W,1,45:15,6.0,14.0,0.43,1,4,0.25,4.0,4.0,1.0,0.0,3.0,3,9,2.0,0.0,4,3,17.0,13.6,Lebron James,Playoffs
2853,19,2011-06-07,MIA,@,DAL,L,1,45:43,3.0,11.0,0.27,0,3,0.0,2.0,4.0,0.5,3.0,6.0,9,7,2.0,0.0,4,4,8.0,5.9,Lebron James,Playoffs
2854,20,2011-06-09,MIA,@,DAL,L,1,45:38,8.0,19.0,0.42,0,4,0.0,1.0,2.0,0.5,1.0,9.0,10,10,0.0,1.0,4,3,17.0,12.4,Lebron James,Playoffs
2858,3,2012-05-03,MIA,@,NYK,W,1,35:50,9.0,21.0,0.43,2,5,0.4,12.0,13.0,0.92,2.0,6.0,8,5,2.0,0.0,8,5,32.0,19.2,Lebron James,Playoffs
2859,4,2012-05-06,MIA,@,NYK,L,1,41:27,9.0,21.0,0.43,2,5,0.4,7.0,8.0,0.88,0.0,4.0,4,4,1.0,0.0,5,4,27.0,13.9,Lebron James,Playoffs
2869,14,2012-06-01,MIA,@,BOS,L,1,43:18,16.0,26.0,0.62,1,4,0.25,1.0,5.0,0.2,0.0,8.0,8,5,2.0,2.0,3,4,34.0,25.3,Lebron James,Playoffs
2870,15,2012-06-03,MIA,@,BOS,L,1,48:06,12.0,25.0,0.48,1,3,0.33,4.0,8.0,0.5,1.0,5.0,6,3,1.0,1.0,7,6,29.0,11.3,Lebron James,Playoffs
2872,17,2012-06-07,MIA,@,BOS,W,1,44:49,19.0,26.0,0.73,2,4,0.5,5.0,9.0,0.56,2.0,13.0,15,5,0.0,0.0,4,3,45.0,36.4,Lebron James,Playoffs
2874,19,2012-06-12,MIA,@,OKC,L,1,45:50,11.0,24.0,0.46,1,3,0.33,7.0,9.0,0.78,1.0,8.0,9,4,4.0,0.0,4,1,30.0,22.3,Lebron James,Playoffs
2875,20,2012-06-14,MIA,@,OKC,W,1,42:19,10.0,22.0,0.45,0,2,0.0,12.0,12.0,1.0,2.0,6.0,8,5,1.0,0.0,2,4,32.0,24.7,Lebron James,Playoffs
2881,3,2013-04-25,MIA,@,MIL,W,1,32:48,9.0,14.0,0.64,2,4,0.5,2.0,4.0,0.5,0.0,5.0,5,6,0.0,0.0,5,2,22.0,14.9,Lebron James,Playoffs
2882,4,2013-04-28,MIA,@,MIL,W,1,41:06,13.0,20.0,0.65,0,2,0.0,4.0,7.0,0.57,2.0,6.0,8,7,3.0,1.0,5,3,30.0,25.6,Lebron James,Playoffs
2885,7,2013-05-10,MIA,@,CHI,W,1,44:25,6.0,17.0,0.35,2,4,0.5,11.0,11.0,1.0,0.0,8.0,8,7,2.0,0.0,1,0,25.0,23.8,Lebron James,Playoffs
2886,8,2013-05-13,MIA,@,CHI,W,1,43:12,9.0,20.0,0.45,1,4,0.25,8.0,9.0,0.89,0.0,7.0,7,8,2.0,0.0,5,0,27.0,20.9,Lebron James,Playoffs
2890,12,2013-05-26,MIA,@,IND,W,1,41:13,8.0,17.0,0.47,0,1,0.0,6.0,6.0,1.0,0.0,4.0,4,3,0.0,0.0,0,0,22.0,16.6,Lebron James,Playoffs
2891,13,2013-05-28,MIA,@,IND,L,1,43:19,8.0,18.0,0.44,4,7,0.57,4.0,6.0,0.67,4.0,2.0,6,5,1.0,3.0,2,6,24.0,19.4,Lebron James,Playoffs
2893,15,2013-06-01,MIA,@,IND,L,1,42:17,10.0,21.0,0.48,2,4,0.5,7.0,8.0,0.88,0.0,7.0,7,6,2.0,1.0,4,2,29.0,22.1,Lebron James,Playoffs
2898,20,2013-06-13,MIA,@,SAS,W,1,41:23,15.0,25.0,0.6,1,2,0.5,2.0,4.0,0.5,3.0,8.0,11,4,2.0,2.0,1,2,33.0,29.6,Lebron James,Playoffs
2899,21,2013-06-16,MIA,@,SAS,L,1,43:41,8.0,22.0,0.36,2,4,0.5,7.0,9.0,0.78,3.0,3.0,6,8,4.0,0.0,3,1,25.0,21.2,Lebron James,Playoffs
2904,3,2014-04-26,MIA,@,CHA,W,1,35:59,10.0,18.0,0.56,1,2,0.5,9.0,10.0,0.9,0.0,10.0,10,6,2.0,0.0,2,1,30.0,27.8,Lebron James,Playoffs
2905,4,2014-04-28,MIA,@,CHA,W,1,42:54,10.0,19.0,0.53,1,5,0.2,10.0,12.0,0.83,0.0,7.0,7,9,3.0,1.0,2,3,31.0,29.8,Lebron James,Playoffs
2908,7,2014-05-10,MIA,@,BRK,L,1,39:39,8.0,15.0,0.53,3,7,0.43,9.0,10.0,0.9,0.0,8.0,8,5,1.0,1.0,2,2,28.0,25.1,Lebron James,Playoffs
2911,10,2014-05-18,MIA,@,IND,L,1,40:50,11.0,18.0,0.61,1,5,0.2,2.0,2.0,1.0,1.0,9.0,10,5,3.0,0.0,4,3,25.0,21.5,Lebron James,Playoffs
2915,14,2014-05-28,MIA,@,IND,L,1,24:21,2.0,10.0,0.2,1,3,0.33,2.0,3.0,0.67,1.0,1.0,2,4,0.0,1.0,3,5,7.0,-0.1,Lebron James,Playoffs
2918,17,2014-06-08,MIA,@,SAS,W,1,37:36,14.0,22.0,0.64,3,3,1.0,4.0,5.0,0.8,2.0,8.0,10,3,2.0,0.0,4,3,35.0,27.5,Lebron James,Playoffs
2921,20,2014-06-15,MIA,@,SAS,L,1,41:16,10.0,21.0,0.48,3,9,0.33,8.0,9.0,0.89,1.0,9.0,10,5,0.0,2.0,1,1,31.0,26.8,Lebron James,Playoffs
2924,3,2015-04-23,CLE,@,BOS,W,1,41:58,13.0,26.0,0.5,1,5,0.2,4.0,5.0,0.8,1.0,10.0,11,4,4.0,2.0,2,1,31.0,27.1,Lebron James,Playoffs
2925,4,2015-04-26,CLE,@,BOS,W,1,46:22,10.0,24.0,0.42,1,7,0.14,6.0,10.0,0.6,0.0,10.0,10,8,3.0,1.0,6,2,27.0,18.1,Lebron James,Playoffs
2928,7,2015-05-08,CLE,@,CHI,L,1,43:39,8.0,25.0,0.32,1,7,0.14,10.0,11.0,0.91,2.0,6.0,8,14,1.0,1.0,7,4,27.0,18.4,Lebron James,Playoffs
2929,8,2015-05-10,CLE,@,CHI,W,1,43:09,10.0,30.0,0.33,1,7,0.14,4.0,4.0,1.0,2.0,12.0,14,8,1.0,2.0,8,4,25.0,11.4,Lebron James,Playoffs
2931,10,2015-05-14,CLE,@,CHI,W,1,41:03,7.0,23.0,0.3,0,4,0.0,1.0,2.0,0.5,1.0,8.0,9,11,0.0,2.0,4,4,15.0,7.9,Lebron James,Playoffs
2933,12,2015-05-22,CLE,@,ATL,W,1,38:58,10.0,22.0,0.45,2,7,0.29,8.0,11.0,0.73,1.0,8.0,9,11,0.0,1.0,4,1,30.0,24.5,Lebron James,Playoffs
2937,16,2015-06-07,CLE,@,GSW,W,1,50:20,11.0,35.0,0.31,3,6,0.5,14.0,18.0,0.78,4.0,12.0,16,11,1.0,1.0,3,3,39.0,28.9,Lebron James,Playoffs
2940,19,2015-06-14,CLE,@,GSW,L,1,44:46,15.0,34.0,0.44,3,8,0.38,7.0,9.0,0.78,1.0,13.0,14,11,1.0,0.0,2,5,40.0,30.7,Lebron James,Playoffs
2944,3,2016-04-22,CLE,@,DET,W,1,42:55,8.0,24.0,0.33,1,6,0.17,3.0,5.0,0.6,1.0,12.0,13,7,0.0,1.0,5,2,20.0,9.7,Lebron James,Playoffs
2948,7,2016-05-06,CLE,@,ATL,W,1,38:58,8.0,16.0,0.5,1,4,0.25,7.0,9.0,0.78,2.0,11.0,13,8,2.0,0.0,5,2,24.0,21.7,Lebron James,Playoffs
2949,8,2016-05-08,CLE,@,ATL,W,1,37:52,10.0,23.0,0.43,1,5,0.2,0.0,3.0,0.0,5.0,5.0,10,9,2.0,1.0,6,2,21.0,14.9,Lebron James,Playoffs
2952,11,2016-05-21,CLE,@,TOR,L,1,38:50,9.0,17.0,0.53,1,5,0.2,5.0,7.0,0.71,4.0,4.0,8,5,2.0,0.0,2,3,24.0,21.2,Lebron James,Playoffs
2953,12,2016-05-23,CLE,@,TOR,L,1,45:48,11.0,16.0,0.69,1,3,0.33,6.0,6.0,1.0,4.0,5.0,9,6,2.0,1.0,1,3,29.0,31.2,Lebron James,Playoffs
2955,14,2016-05-27,CLE,@,TOR,W,1,41:15,13.0,22.0,0.59,3,6,0.5,4.0,7.0,0.57,2.0,9.0,11,6,1.0,3.0,3,2,33.0,29.2,Lebron James,Playoffs
2956,15,2016-06-02,CLE,@,GSW,L,1,40:53,9.0,21.0,0.43,2,4,0.5,3.0,4.0,0.75,4.0,8.0,12,9,2.0,1.0,4,2,23.0,20.9,Lebron James,Playoffs
2957,16,2016-06-05,CLE,@,GSW,L,1,33:38,7.0,17.0,0.41,1,5,0.2,4.0,4.0,1.0,0.0,8.0,8,9,4.0,1.0,7,3,19.0,15.1,Lebron James,Playoffs
2960,19,2016-06-13,CLE,@,GSW,W,1,42:38,16.0,30.0,0.53,4,8,0.5,5.0,8.0,0.62,4.0,12.0,16,7,3.0,3.0,2,1,41.0,39.2,Lebron James,Playoffs
2962,21,2016-06-19,CLE,@,GSW,W,1,46:49,9.0,24.0,0.38,1,5,0.2,8.0,10.0,0.8,1.0,10.0,11,11,2.0,3.0,5,1,27.0,23.1,Lebron James,Playoffs
2966,4,2017-04-23,CLE,@,IND,W,1,44:44,13.0,25.0,0.52,1,3,0.33,6.0,9.0,0.67,0.0,10.0,10,4,4.0,2.0,4,1,33.0,26.3,Lebron James,Playoffs
2969,7,2017-05-05,CLE,@,TOR,W,1,40:38,9.0,16.0,0.56,2,4,0.5,15.0,16.0,0.94,0.0,8.0,8,7,1.0,0.0,5,1,35.0,29.9,Lebron James,Playoffs
2970,8,2017-05-07,CLE,@,TOR,W,1,46:11,11.0,22.0,0.5,5,12,0.42,8.0,9.0,0.89,1.0,8.0,9,6,0.0,1.0,6,1,35.0,25.2,Lebron James,Playoffs
2971,9,2017-05-17,CLE,@,BOS,W,1,41:58,14.0,24.0,0.58,1,6,0.17,9.0,11.0,0.82,2.0,7.0,9,7,2.0,0.0,2,2,38.0,33.6,Lebron James,Playoffs
2972,10,2017-05-19,CLE,@,BOS,W,1,32:48,12.0,18.0,0.67,4,6,0.67,2.0,4.0,0.5,0.0,4.0,4,7,4.0,3.0,1,1,30.0,32.2,Lebron James,Playoffs
2975,13,2017-05-25,CLE,@,BOS,W,1,34:44,13.0,18.0,0.72,4,7,0.57,5.0,8.0,0.62,1.0,7.0,8,8,3.0,1.0,2,4,35.0,34.9,Lebron James,Playoffs
2976,14,2017-06-01,CLE,@,GSW,L,1,40:02,9.0,20.0,0.45,2,6,0.33,8.0,12.0,0.67,3.0,12.0,15,8,0.0,2.0,8,4,28.0,19.1,Lebron James,Playoffs
2977,15,2017-06-04,CLE,@,GSW,L,1,39:22,12.0,18.0,0.67,1,3,0.33,4.0,5.0,0.8,0.0,11.0,11,14,3.0,1.0,4,2,29.0,32.8,Lebron James,Playoffs
2983,3,2018-04-20,CLE,@,IND,L,1,41:41,10.0,22.0,0.45,4,7,0.57,4.0,6.0,0.67,3.0,9.0,12,8,1.0,1.0,6,1,28.0,21.5,Lebron James,Playoffs
2984,4,2018-04-22,CLE,@,IND,W,1,46:09,12.0,22.0,0.55,0,5,0.0,8.0,9.0,0.89,2.0,11.0,13,7,0.0,2.0,1,3,32.0,29.8,Lebron James,Playoffs
2986,6,2018-04-27,CLE,@,IND,L,1,31:11,7.0,16.0,0.44,3,6,0.5,5.0,5.0,1.0,0.0,5.0,5,7,1.0,2.0,4,3,22.0,17.2,Lebron James,Playoffs
2988,8,2018-05-01,CLE,@,TOR,W,1,46:56,12.0,30.0,0.4,1,8,0.12,1.0,6.0,0.17,0.0,11.0,11,13,1.0,2.0,1,2,26.0,20.8,Lebron James,Playoffs
2992,12,2018-05-13,CLE,@,BOS,L,1,36:07,5.0,16.0,0.31,0,5,0.0,5.0,6.0,0.83,0.0,7.0,7,9,0.0,2.0,7,1,15.0,7.8,Lebron James,Playoffs
2993,13,2018-05-15,CLE,@,BOS,L,1,38:46,16.0,29.0,0.55,5,11,0.45,5.0,10.0,0.5,1.0,9.0,10,12,0.0,1.0,6,3,42.0,31.4,Lebron James,Playoffs
2996,16,2018-05-23,CLE,@,BOS,L,1,39:16,11.0,22.0,0.5,1,6,0.17,3.0,4.0,0.75,0.0,10.0,10,5,1.0,0.0,6,2,26.0,15.3,Lebron James,Playoffs
2998,18,2018-05-27,CLE,@,BOS,W,1,48:00,12.0,24.0,0.5,3,8,0.38,8.0,11.0,0.73,0.0,15.0,15,9,0.0,2.0,8,4,35.0,24.4,Lebron James,Playoffs
3000,20,2018-06-03,CLE,@,GSW,L,1,43:51,10.0,20.0,0.5,2,4,0.5,7.0,9.0,0.78,1.0,8.0,9,13,2.0,0.0,5,2,29.0,26.6,Lebron James,Playoffs
